Agency,,,ORI,Incident Date,,,Time,Location,Offense,,,Bias Motivation ,,"Victim Sex, Age and Race",,Injury Type,,"Offender Sex, Age and Race (Relationship Of Victim To Offender Description)",,Weapon Force Involved 
,,,PA0022800,2025-02-25,,,19,Air/Bus/Train Terminal,13A-Aggravated Assault,,,12-Anti-Black or African American,,1. F - 23 - P,,N-None,,"1. F - 23 - P (Relationship Unknown)
2. F - 40 - P (Victim Was Child)",,20-Knife/Cutting Instrument
,,,,2026-07-12,,,12,Air/Bus/Train Terminal,290-Destruction/Damage/Vandalism of Property,,,25-Anti-Other Religion,,1. Government,,-,,-,,-
ALLEGHENY COUNTY POLICE,,,,2026-08-13,,,11,Air/Bus/Train Terminal,290-Destruction/Damage/Vandalism of Property,,,25-Anti-Other Religion,,1. Business,,-,,-,,-
,,,,2026-08-21,,,14,Air/Bus/Train Terminal,13C-Intimidation,,,71-Anti-Transgender,,1. F - 41 - B,,-,,1. M - 58 - B (Victim Was Acquaintance),,-
,,,,2026-06-04,,,19,Jail/Prison/Penitentiary/Corrections Facility,13B-Simple Assault,,,21-Anti-Jewish,,1. M - 20 - W,,M-Apparent Minor Injury,,1. M - 32 - B (Victim Was Acquaintance),,40-Personal Weapons
,,,PA0390100,2024-07-26,,,16,Highway/Road/Alley/Street/Sidewalk,290-Destruction/Damage/Vandalism of Property,,,"11-Anti-White
52-Anti-Mental Disability",,1. M - 17 - W,,-,,1. M - 27 - B (Victim Was Otherwise Known),,-
,,,,2024-07-26,,,16,Highway/Road/Alley/Street/Sidewalk,290-Destruction/Damage/Vandalism of Property,,,"11-Anti-White
52-Anti-Mental Disability",,2. Business,,-,,-,,-
ALLENTOWN CITY,,,,2024-07-26,,,20,Highway/Road/Alley/Street/Sidewalk,13C-Intimidation,,,32-Anti-Hispanic or Latino,,1. M - 59 - W,,-,,-,,-
,,,,2024-08-11,,,23,Residence/Home,13B-Simple Assault,,,32-Anti-Hispanic or Latino,,1. M - 48 - W,,M-Apparent Minor Injury,,1. M - 22 - B (Victim Was Neighbor),,40-Personal Weapons
,,,,2024-08-11,,,23,Residence/Home,290-Destruction/Damage/Vandalism of Property,,,32-Anti-Hispanic or Latino,,1. M - 48 - W,,M-Apparent Minor Injury,,1. M - 22 - B (Victim Was Neighbor),,-
,,,,2024-08-29,,,22,Convenience Store,13B-Simple Assault,,,12-Anti-Black or African American,,2. M - 64 - B,,N-None,,1. M - 38 - W (Relationship Unknown),,90-Other
,,,,2025-03-11,,,16,Residence/Home,120-Robbery,,,71-Anti-Transgender,,1. M - 32 - B,,M-Apparent Minor Injury,,-,,40-Personal Weapons
,,,,2025-03-22,,,0,Highway/Road/Alley/Street/Sidewalk,290-Destruction/Damage/Vandalism of Property,,,33-Anti-Other Race/Ethnicity/Ancestry,,1. M - 50 - W,,-,,-,,-
,,,,2025-04-17,,,19,Residence/Home,290-Destruction/Damage/Vandalism of Property,,,11-Anti-White,,1. M - 27 - W,,-,,-,,-
,,,,2025-05-12,,,11,Highway/Road/Alley/Street/Sidewalk,13B-Simple Assault,,,12-Anti-Black or African American,,1. M - 12 - B,,N-None,,"1. F - 13 - W (Victim Was Acquaintance)
2. M - 12 - W (Victim Was Acquaintance)
3. F - 13 - W (Victim Was Acquaintance)",,40-Personal Weapons
,,,,2025-07-10,,,14,Residence/Home,13C-Intimidation,,,24-Anti-Islamic (Muslim),,2. F - 28 - B,,-,,1. F - 47 - W (Victim Was Neighbor),,-
,,,,2025-10-03,,,12,Amusement Park,13C-Intimidation,,,21-Anti-Jewish,,1. U - 25 - U,,-,,-,,-
,,,,2025-10-03,,,12,Amusement Park,13C-Intimidation,,,21-Anti-Jewish,,2. F - 22 - W,,-,,-,,-
,,,,2025-10-03,,,12,Amusement Park,13C-Intimidation,,,21-Anti-Jewish,,3. U - 20 - U,,-,,-,,-
,,,PA0070100,2024-04-09,,,8,Church/Synagogue/Temple/Mosque,13C-Intimidation,,,21-Anti-Jewish,,2. F - 66 - W,,-,,1. U - 44 - U (Relationship Unknown),,-
,,,,2025-08-22,,,0,Church/Synagogue/Temple/Mosque,13C-Intimidation,,,25-Anti-Other Religion,,2. M - 51 - W,,-,,1. M - 25 - W (Relationship Unknown),,-
ALTOONA CITY,,,,2026-06-20,,,0,Residence/Home,100-Kidnapping/Abduction,,,11-Anti-White,,1. M - 12 - W,,M-Apparent Minor Injury,,"1. M - 13 - B (Victim Was Acquaintance)
6. M - 13 - B (Relationship Unknown)
8. M - 12 - B (Relationship Unknown)",,40-Personal Weapons
,,,,2026-06-20,,,0,Residence/Home,120-Robbery,,,11-Anti-White,,1. M - 12 - W,,M-Apparent Minor Injury,,"1. M - 13 - B (Victim Was Acquaintance)
6. M - 13 - B (Relationship Unknown)
8. M - 12 - B (Relationship Unknown)",,40-Personal Weapons
,,,,2026-07-15,,,10,Highway/Road/Alley/Street/Sidewalk,290-Destruction/Damage/Vandalism of Property,,,21-Anti-Jewish,,1. Unknown,,-,,-,,-
,,,PA0020200,2026-03-12,,,18,Residence/Home,290-Destruction/Damage/Vandalism of Property,,,"43-Anti-Lesbian, Gay, Bisexual, or Transgender (Mixed Group)",,1. F - 39 - W,,-,,1. M - 12 - W (Victim Was Stranger),,-
,,,PA0090100,2025-03-26,,,12,Residence/Home,26D-Welfare Fraud,,,51-Anti-Physical Disability,,1. M - 35 - B,,-,,1. M - 30 - B (Victim Was Acquaintance),,-
BELLEVUE BOROUGH,,,,2025-03-26,,,12,Residence/Home,26D-Welfare Fraud,,,51-Anti-Physical Disability,,2. M - 60 - W,,-,,1. M - 30 - B (Victim Was Acquaintance),,-
BENSALEM TOWNSHIP,,,,2025-12-03,,,22,Parking/Drop Lot/Garage,13C-Intimidation,,,12-Anti-Black or African American,,1. F - 44 - B,,-,,-,,-
,,,,2026-07-20,,,20,Highway/Road/Alley/Street/Sidewalk,13A-Aggravated Assault,,,11-Anti-White,,1. M - 34 - W,,N-None,,1. F - 26 - B (Victim Was Stranger),,30-Blunt Object
,,,PA0020300,2026-05-09,,,8,Grocery/Supermarket,13B-Simple Assault,,,41-Anti-Gay (Male),,1. M - 31 - W,,M-Apparent Minor Injury,,1. F - 31 - B (Victim Was Stranger),,40-Personal Weapons
,,,PA0020400,2023-04-28,,,14,Highway/Road/Alley/Street/Sidewalk,290-Destruction/Damage/Vandalism of Property,,,41-Anti-Gay (Male),,1. M - 18 - W,,-,,1. M - 15 - B (Victim Was Acquaintance),,-
BETHEL PARK BOROUGH,,,,2025-10-02,,,15,Residence/Home,13C-Intimidation,,,12-Anti-Black or African American,,3. F - 45 - B,,-,,1. M - 25 - W (Victim Was Neighbor),,-
BRENTWOOD BOROUGH,,,,2025-10-02,,,15,Residence/Home,13C-Intimidation,,,12-Anti-Black or African American,,4. M - 32 - B,,-,,1. M - 25 - W (Victim Was Stranger),,-
,,,,2025-10-02,,,15,Residence/Home,13C-Intimidation,,,12-Anti-Black or African American,,6. M - 30 - B,,-,,1. M - 25 - W (Victim Was Stranger),,-
,,,,2025-12-04,,,17,Government/Public Building,13C-Intimidation,,,11-Anti-White,,1. M - 14 - B,,-,,1. M - 56 - B (Relationship Unknown),,-
,,,,2025-12-04,,,17,Government/Public Building,13C-Intimidation,,,11-Anti-White,,2. F - 14 - W,,-,,1. M - 56 - B (Relationship Unknown),,-
,,,,2025-12-04,,,17,Government/Public Building,13C-Intimidation,,,11-Anti-White,,3. M - 53 - W,,-,,1. M - 56 - B (Relationship Unknown),,-
,,,,2025-12-04,,,17,Government/Public Building,13C-Intimidation,,,11-Anti-White,,4. M - 59 - W,,-,,1. M - 56 - B (Victim Was Stranger),,-
,,,,2025-12-04,,,17,Highway/Road/Alley/Street/Sidewalk,290-Destruction/Damage/Vandalism of Property,,,11-Anti-White,,5. Government,,-,,-,,-
,,,PAUNI600X,2025-08-18,,,0,Camp/Campground,290-Destruction/Damage/Vandalism of Property,,,21-Anti-Jewish,,1. Business,,-,,-,,-
,,,,2026-07-10,,,0,School–College/University,23H-All Other Larceny,,,21-Anti-Jewish,,1. M - 49 - U,,-,,-,,-
BUCKNELL UNIVERSITY (PA060019E),,,,2026-07-13,,,14,School–College/University,23H-All Other Larceny,,,11-Anti-White,,1. Business,,-,,-,,-
,,,PA0222300,2023-10-13,,,18,Highway/Road/Alley/Street/Sidewalk,13B-Simple Assault,,,"24-Anti-Islamic (Muslim)
31-Anti-Arab",,1. M - 30 - W,,N-None,,1. M - 56 - W (Relationship Unknown),,99-None (Mutually Exclusive)
,,,,2023-10-13,,,18,Highway/Road/Alley/Street/Sidewalk,13B-Simple Assault,,,"24-Anti-Islamic (Muslim)
31-Anti-Arab",,2. F - 46 - W,,N-None,,1. M - 56 - W (Relationship Unknown),,99-None (Mutually Exclusive)
CAPITOL POLICE,,,,2023-12-27,,,13,Government/Public Building,13C-Intimidation,,,21-Anti-Jewish,,1. M - 50 - W,,-,,1. M - 66 - W (Victim Was Stranger),,-
,,,,2023-12-27,,,13,Government/Public Building,13C-Intimidation,,,21-Anti-Jewish,,2. M - 00 - W,,-,,1. M - 66 - W (Victim Was Stranger),,-
,,,,2024-05-22,,,10,Government/Public Building,13C-Intimidation,,,"12-Anti-Black or African American
43-Anti-Lesbian, Gay, Bisexual, or Transgender (Mixed Group)
41-Anti-Gay (Male)
42-Anti-Lesbian (Female)",,1. M - 39 - W,,-,,1. M - 34 - W (Relationship Unknown),,-
,,,PA0210200,2022-04-24,,,20,Grocery/Supermarket,13B-Simple Assault,,,11-Anti-White,,1. F - 25 - W,,M-Apparent Minor Injury,,1. F - 40 - B (Victim Was Stranger),,40-Personal Weapons
,,,PA0631500,2022-06-12,,,1,Bar/Nightclub,13A-Aggravated Assault,,,12-Anti-Black or African American,,1. M - 28 - W,,O-Other Major Injury,,1. M - 23 - B (Victim Was Stranger),,99-None (Mutually Exclusive)
CARLISLE BOROUGH,,,PA0150100,2025-03-21,,,19,Highway/Road/Alley/Street/Sidewalk,13A-Aggravated Assault,,,32-Anti-Hispanic or Latino,,1. M - 14 - W,,L-Severe Laceration,,"1. M - 15 - B (Victim Was Acquaintance)
2. M - 18 - W (Victim Was Acquaintance)
3. M - 14 - B (Victim Was Acquaintance)
4. M - 16 - W (Victim Was Acquaintance)
5. M - 15 - B (Victim Was Acquaintance)",,"30-Blunt Object
40-Personal Weapons"
CECIL TOWNSHIP,,,PA0101200,2025-09-26,,,9,Commercial/Office Building,13C-Intimidation,,,21-Anti-Jewish,,1. M - 56 - W,,-,,1. M - 66 - W (Relationship Unknown),,-
COATESVILLE CITY,,,,2026-02-16,,,11,Government/Public Building,13B-Simple Assault,,,11-Anti-White,,1. M - 28 - W,,M-Apparent Minor Injury,,1. M - 19 - B (Relationship Unknown),,40-Personal Weapons
CRANBERRY TOWNSHIP,,,,2026-02-16,,,11,Government/Public Building,13B-Simple Assault,,,11-Anti-White,,2. F - 59 - W,,M-Apparent Minor Injury,,1. M - 19 - B (Relationship Unknown),,40-Personal Weapons
,,,PA0060300,2024-05-31,,,14,Parking/Drop Lot/Garage,13C-Intimidation,,,12-Anti-Black or African American,,1. M - 60 - B,,-,,"1. M - 45 - W (Victim Was Stranger)
2. F - 43 - W (Victim Was Stranger)",,-
,,,PA0405000,2023-04-10,,,9,School–Elementary/Secondary,13C-Intimidation,,,"12-Anti-Black or African American
21-Anti-Jewish",,2. M - 47 - W,,-,,1. M - 17 - W (Victim Was Stranger),,-
CUMRU TOWNSHIP,,,,2023-10-17,,,23,Residence/Home,13C-Intimidation,,,12-Anti-Black or African American,,1. M - 37 - B,,-,,1. M - 44 - W (Victim Was Neighbor),,-
DALLAS TOWNSHIP,,,,2024-01-10,,,20,Residence/Home,13C-Intimidation,,,12-Anti-Black or African American,,1. M - 37 - B,,-,,1. M - 45 - W (Victim Was Neighbor),,-
,,,,2024-04-11,,,8,Government/Public Building,13C-Intimidation,,,32-Anti-Hispanic or Latino,,1. M - 24 - W,,-,,1. M - 53 - W (Victim Was Otherwise Known),,-
,,,,2025-04-07,,,23,Residence/Home,13C-Intimidation,,,51-Anti-Physical Disability,,1. M - 54 - W,,-,,1. M - 44 - W (Relationship Unknown),,-
,,,PA0221500,2022-05-06,,,11,Residence/Home,13B-Simple Assault,,,22-Anti-Catholic,,1. F - 23 - W,,M-Apparent Minor Injury,,1. M - 32 - W (Victim Was Boyfriend/Girlfriend),,40-Personal Weapons
,,,,2022-07-02,,,7,Commercial/Office Building,13C-Intimidation,,,11-Anti-White,,1. M - 48 - W,,-,,-,,-
DERRY TOWNSHIP (DAUPHIN COUNTY),,,,2023-10-29,,,9,Amusement Park,13C-Intimidation,,,12-Anti-Black or African American,,1. M - 40 - W,,-,,1. M - 18 - W (Victim Was Stranger),,-
,,,,2024-05-10,,,8,Residence/Home,13C-Intimidation,,,11-Anti-White,,1. M - 28 - W,,-,,1. M - 0 - B (Victim Was Stranger),,-
,,,PA0020900,2022-09-19,,,15,Highway/Road/Alley/Street/Sidewalk,13B-Simple Assault,,,"15-Anti-Multiple Races, Group",,1. F - 12 - U,,N-None,,"1. F - 0 - U (Victim Was Otherwise Known)
2. F - 29 - W (Victim Was Neighbor)
3. F - 11 - U (Victim Was Neighbor)",,99-None (Mutually Exclusive)
,,,,2022-09-19,,,15,Highway/Road/Alley/Street/Sidewalk,13B-Simple Assault,,,"15-Anti-Multiple Races, Group",,2. F - 11 - B,,N-None,,"1. F - 0 - U (Victim Was Neighbor)
2. F - 29 - W (Victim Was Neighbor)
3. F - 11 - U (Victim Was Otherwise Known)",,99-None (Mutually Exclusive)
DUQUESNE CITY,,,,2025-10-22,,,0,Residence/Home,13B-Simple Assault,,,11-Anti-White,,1. M - 00 - W,,N-None,,1. F - 36 - W (Victim Was Stranger),,40-Personal Weapons
,,,,2026-02-18,,,19,Residence/Home,23D-Theft From Building,,,52-Anti-Mental Disability,,1. M - 73 - B,,-,,1. F - 34 - B (Victim Was Acquaintance),,-
,,,,2026-02-18,,,19,Residence/Home,280-Stolen Property Offenses,,,52-Anti-Mental Disability,,1. M - 73 - B,,-,,1. F - 34 - B (Victim Was Acquaintance),,-
,,,,2026-04-27,,,9,Residence/Home,13B-Simple Assault,,,11-Anti-White,,1. F - 23 - B,,M-Apparent Minor Injury,,1. M - 20 - B (Victim Was Boyfriend/Girlfriend),,40-Personal Weapons
,,,,2026-06-14,,,17,Highway/Road/Alley/Street/Sidewalk,13C-Intimidation,,,32-Anti-Hispanic or Latino,,1. F - 00 - W,,-,,1. M - 44 - B (Relationship Unknown),,-
,,,PA0363900,2022-10-06,,,15,Specialty Store,23C-Shoplifting,,,27-Anti-Atheism/Agnosticism,,1. Business,,-,,-,,-
,,,PA0364000,2023-07-04,,,18,Department/Discount Store,13B-Simple Assault,,,71-Anti-Transgender,,1. F - 48 - W,,N-None,,1. M - 25 - W (Victim Was Otherwise Known),,40-Personal Weapons
EAST EARL TOWNSHIP,,,,2024-04-17,,,11,Highway/Road/Alley/Street/Sidewalk,13B-Simple Assault,,,12-Anti-Black or African American,,1. M - 32 - B,,N-None,,1. M - 0 - W (Relationship Unknown),,40-Personal Weapons
EAST LAMPETER TOWNSHIP,,,,2024-05-02,,,7,School–Elementary/Secondary,13B-Simple Assault,,,52-Anti-Mental Disability,,1. M - 12 - W,,M-Apparent Minor Injury,,1. M - 13 - W (Victim Was Otherwise Known),,40-Personal Weapons
,,,,2024-09-29,,,3,Cyberspace,13C-Intimidation,,,23-Anti-Protestant,,1. F - 50 - W,,-,,1. F - 36 - W (Victim Was Stranger),,-
,,,,2024-11-06,,,17,Residence/Home,13C-Intimidation,,,12-Anti-Black or African American,,1. F - 14 - B,,-,,1. U - 0 - U (Relationship Unknown),,-
,,,,2025-08-28,,,0,Residence/Home,13C-Intimidation,,,32-Anti-Hispanic or Latino,,1. M - 41 - W,,-,,1. M - 57 - W (Victim Was Neighbor),,-
,,,PA0210300,2021-01-05,,,15,Residence/Home,13C-Intimidation,,,12-Anti-Black or African American,,1. M - 57 - B,,-,,1. M - 57 - W (Victim Was Acquaintance),,-
,,,,2021-08-04,,,8,Church/Synagogue/Temple/Mosque,290-Destruction/Damage/Vandalism of Property,,,22-Anti-Catholic,,1. Business,,-,,-,,-
EAST PENNSBORO TOWNSHIP,,,,2024-11-16,,,12,Department/Discount Store,23D-Theft From Building,,,13-Anti-American Indian or Alaska Native,,1. M - 56 - W,,-,,-,,-
,,,PA0520400,2026-02-22,,,15,Church/Synagogue/Temple/Mosque,13B-Simple Assault,,,24-Anti-Islamic (Muslim),,1. M - 64 - W,,N-None,,1. U - 0 - U (Relationship Unknown),,40-Personal Weapons
,,,,2026-02-22,,,15,Church/Synagogue/Temple/Mosque,13C-Intimidation,,,24-Anti-Islamic (Muslim),,2. M - 65 - W,,-,,1. U - 0 - U (Relationship Unknown),,-
EASTERN PIKE REGIONAL,,,,2026-02-22,,,15,Church/Synagogue/Temple/Mosque,290-Destruction/Damage/Vandalism of Property,,,24-Anti-Islamic (Muslim),,3. Religious Organization,,-,,-,,-
,,,,2026-02-22,,,15,Church/Synagogue/Temple/Mosque,520-Weapons Law Violations,,,24-Anti-Islamic (Muslim),,4. Society/Public,,-,,-,,12-Handgun
,,,PA002B800,2025-09-10,,,11,Residence/Home,290-Destruction/Damage/Vandalism of Property,,,12-Anti-Black or African American,,1. M - 71 - B,,-,,-,,-
,,,PA0041100,2024-07-17,,,11,Department/Discount Store,23C-Shoplifting,,,52-Anti-Mental Disability,,1. Business,,-,,-,,-
EASTERN REGIONAL MON VALLEY,,,PA0020D00,2024-03-16,,,0,Residence/Home,13C-Intimidation,,,"15-Anti-Multiple Races, Group",,1. F - 64 - W,,-,,1. M - 48 - W (Victim Was Neighbor),,-
ECONOMY BOROUGH,,,PA0390400,2026-08-28,,,16,Residence/Home,13B-Simple Assault,,,32-Anti-Hispanic or Latino,,1. M - 17 - W,,N-None,,3. F - 59 - W (Victim Was Neighbor),,40-Personal Weapons
ELIZABETH TOWNSHIP,,,PA0250200,2022-01-01,,,10,Residence/Home,13B-Simple Assault,,,51-Anti-Physical Disability,,1. M - 07 - B,,M-Apparent Minor Injury,,1. M - 29 - W (Victim Was Child),,40-Personal Weapons
EMMAUS BOROUGH,,,,2022-06-12,,,14,Highway/Road/Alley/Street/Sidewalk,13C-Intimidation,,,12-Anti-Black or African American,,1. F - 23 - B,,-,,-,,-
ERIE CITY,,,,2022-07-18,,,19,Drug Store/Doctor’s Office/Hospital,290-Destruction/Damage/Vandalism of Property,,,72-Anti-Gender Non-Conforming,,1. Business,,-,,-,,-
,,,,2023-03-03,,,16,Highway/Road/Alley/Street/Sidewalk,13B-Simple Assault,,,71-Anti-Transgender,,1. F - 25 - B,,M-Apparent Minor Injury,,"1. M - 23 - B (Victim was Ex-Relationship (Ex-Boyfriend/Ex-Girlfriend))
2. F - 25 - B (Victim Was Offender)",,90-Other
,,,,2023-03-03,,,16,Highway/Road/Alley/Street/Sidewalk,13B-Simple Assault,,,71-Anti-Transgender,,2. M - 23 - B,,M-Apparent Minor Injury,,"1. M - 23 - B (Victim Was Offender)
2. F - 25 - B (Victim was Ex-Relationship (Ex-Boyfriend/Ex-Girlfriend))",,90-Other
,,,,2023-03-20,,,16,Highway/Road/Alley/Street/Sidewalk,13A-Aggravated Assault,,,12-Anti-Black or African American,,1. F - 22 - B,,N-None,,1. M - 70 - W (Victim Was Neighbor),,13-Rifle
,,,,2023-06-09,,,15,Highway/Road/Alley/Street/Sidewalk,13C-Intimidation,,,41-Anti-Gay (Male),,1. M - 45 - W,,-,,-,,-
,,,,2023-06-09,,,15,Highway/Road/Alley/Street/Sidewalk,13C-Intimidation,,,41-Anti-Gay (Male),,2. M - 59 - W,,-,,-,,-
,,,,2023-07-11,,,20,Residence/Home,13B-Simple Assault,,,42-Anti-Lesbian (Female),,1. M - 08 - W,,M-Apparent Minor Injury,,"1. M - 9 - W (Victim Was Otherwise Known)
2. M - 11 - B (Relationship Unknown)",,90-Other
,,,,2023-07-25,,,2,Residence/Home,23F-Theft From Motor Vehicle,,,23-Anti-Protestant,,1. M - 33 - W,,-,,-,,-
,,,,2023-07-18,,,12,Residence/Home,13A-Aggravated Assault,,,23-Anti-Protestant,,1. F - 34 - W,,M-Apparent Minor Injury,,1. M - 20 - B (Victim Was Acquaintance),,12-Handgun
,,,,2023-08-04,,,2,Bar/Nightclub,13B-Simple Assault,,,11-Anti-White,,1. F - 34 - B,,M-Apparent Minor Injury,,1. M - 22 - B (Victim was Ex-Relationship (Ex-Boyfriend/Ex-Girlfriend)),,40-Personal Weapons
,,,,2024-09-16,,,18,Residence/Home,120-Robbery,,,11-Anti-White,,1. F - 55 - W,,N-None,,1. F - 53 - B (Victim Was Stranger),,"40-Personal Weapons
95-Unknown"
,,,,2024-10-25,,,17,School–Elementary/Secondary,23H-All Other Larceny,,,23-Anti-Protestant,,1. Business,,-,,-,,-
,,,,2025-02-27,,,14,Convenience Store,250-Counterfeiting/Forgery,,,11-Anti-White,,1. Business,,-,,-,,-
,,,,2025-12-23,,,13,Convenience Store,23D-Theft From Building,,,23-Anti-Protestant,,1. F - 49 - W,,N-None,,1. M - 20 - B (Victim Was Stranger),,-
,,,PA0027000,2026-06-10,,,15,Other/Unknown,26G-Hacking/Computer Invasion,,,"43-Anti-Lesbian, Gay, Bisexual, or Transgender (Mixed Group)",,1. F - 55 - W,,-,,1. M - 28 - W (Victim Was Stranger),,-
,,,PA0210400,2023-06-01,,,11,School–Elementary/Secondary,13C-Intimidation,,,33-Anti-Other Race/Ethnicity/Ancestry,,1. F - 15 - W,,-,,1. M - 15 - W (Victim Was Acquaintance),,-
FRANKLIN PARK BOROUGH,,,PA0220200,2023-04-10,,,16,Park/Playground,13B-Simple Assault,,,52-Anti-Mental Disability,,1. M - 13 - W,,M-Apparent Minor Injury,,1. M - 0 - W (Relationship Unknown),,40-Personal Weapons
HAMPDEN TOWNSHIP,,,,2023-12-14,,,11,Church/Synagogue/Temple/Mosque,13C-Intimidation,,,21-Anti-Jewish,,1. F - 47 - W,,-,,1. U - 0 - U (Relationship Unknown),,-
HARRISBURG CITY,,,PA0020E00,2026-07-13,,,7,Other/Unknown,220-Burglary/Breaking and Entering,,,13-Anti-American Indian or Alaska Native,,1. Business,,-,,-,,-
,,,,2026-07-13,,,7,Other/Unknown,220-Burglary/Breaking and Entering,,,13-Anti-American Indian or Alaska Native,,2. Business,,-,,-,,-
HARRISON TOWNSHIP,,,PA0021200,2025-10-25,,,10,Highway/Road/Alley/Street/Sidewalk,13C-Intimidation,,,11-Anti-White,,1. M - 32 - W,,-,,"1. M - 15 - B (Victim Was Stranger)
2. M - 18 - B (Victim Was Stranger)",,-
,,,,2026-01-31,,,19,Parking/Drop Lot/Garage,13B-Simple Assault,,,12-Anti-Black or African American,,1. F - 28 - B,,N-None,,1. M - 50 - W (Relationship Unknown),,40-Personal Weapons
HOMESTEAD BOROUGH,,,,2026-06-01,,,19,Department/Discount Store,13B-Simple Assault,,,14-Anti-Asian,,1. F - 28 - A,,N-None,,1. M - 0 - B (Relationship Unknown),,90-Other
,,,PA0027500,2022-09-02,,,0,Park/Playground,290-Destruction/Damage/Vandalism of Property,,,21-Anti-Jewish,,1. Government,,-,,-,,-
,,,PA0020F00,2026-04-09,,,11,Specialty Store,13C-Intimidation,,,12-Anti-Black or African American,,1. F - 47 - B,,-,,1. M - 47 - W (Victim Was Otherwise Known),,-
JEFFERSON HILLS BOROUGH,,,PA0150500,2025-12-18,,,11,Cyberspace,13C-Intimidation,,,32-Anti-Hispanic or Latino,,1. F - 20 - W,,-,,1. M - 25 - W (Victim Was Stranger),,-
KENNEDY TOWNSHIP,,,,2026-04-24,,,16,Highway/Road/Alley/Street/Sidewalk,23H-All Other Larceny,,,21-Anti-Jewish,,1. M - 57 - W,,-,,-,,-
KENNETT SQUARE BOROUGH,,,PA0360500,2024-03-23,,,8,Government/Public Building,13A-Aggravated Assault,,,"43-Anti-Lesbian, Gay, Bisexual, or Transgender (Mixed Group)",,1. F - 65 - W,,N-None,,1. U - 0 - U (Relationship Unknown),,60-Explosives
,,,,2024-03-23,,,8,Government/Public Building,13A-Aggravated Assault,,,"43-Anti-Lesbian, Gay, Bisexual, or Transgender (Mixed Group)",,2. M - 56 - W,,N-None,,1. U - 0 - U (Relationship Unknown),,60-Explosives
LANCASTER CITY,,,,2024-03-23,,,8,Government/Public Building,13A-Aggravated Assault,,,"43-Anti-Lesbian, Gay, Bisexual, or Transgender (Mixed Group)",,3. F - 34 - W,,N-None,,1. U - 0 - U (Relationship Unknown),,60-Explosives
,,,,2024-05-11,,,10,Park/Playground,290-Destruction/Damage/Vandalism of Property,,,21-Anti-Jewish,,1. Government,,-,,-,,-
,,,,2024-08-23,,,9,Highway/Road/Alley/Street/Sidewalk,13C-Intimidation,,,11-Anti-White,,1. M - 43 - W,,-,,1. M - 57 - B (Victim Was Neighbor),,-
,,,,2024-09-14,,,11,Hotel/Motel/Etc.,13C-Intimidation,,,"43-Anti-Lesbian, Gay, Bisexual, or Transgender (Mixed Group)",,1. M - 45 - B,,-,,1. U - 0 - U (Relationship Unknown),,-
,,,,2024-11-30,,,13,Highway/Road/Alley/Street/Sidewalk,13C-Intimidation,,,11-Anti-White,,1. F - 21 - W,,-,,1. M - 24 - B (Victim Was Stranger),,-
,,,,2024-12-17,,,10,Church/Synagogue/Temple/Mosque,290-Destruction/Damage/Vandalism of Property,,,12-Anti-Black or African American,,1. Religious Organization,,-,,-,,-
,,,,2025-05-10,,,18,Highway/Road/Alley/Street/Sidewalk,13B-Simple Assault,,,"71-Anti-Transgender
43-Anti-Lesbian, Gay, Bisexual, or Transgender (Mixed Group)",,1. F - 18 - W,,M-Apparent Minor Injury,,1. M - 32 - W (Victim Was Stranger),,40-Personal Weapons
,,,,2026-03-02,,,16,Highway/Road/Alley/Street/Sidewalk,120-Robbery,,,"15-Anti-Multiple Races, Group",,1. F - 50 - W,,M-Apparent Minor Injury,,1. M - 36 - W (Relationship Unknown),,40-Personal Weapons
,,,,2026-04-15,,,22,Highway/Road/Alley/Street/Sidewalk,290-Destruction/Damage/Vandalism of Property,,,"12-Anti-Black or African American
21-Anti-Jewish",,1. Business,,-,,-,,-
,,,,2026-04-28,,,21,Residence/Home,290-Destruction/Damage/Vandalism of Property,,,"43-Anti-Lesbian, Gay, Bisexual, or Transgender (Mixed Group)",,1. M - 35 - A,,-,,-,,-
,,,,2026-07-08,,,23,Residence/Home,210-Extortion/Blackmail,,,41-Anti-Gay (Male),,1. M - 37 - W,,N-None,,-,,99-None (Mutually Exclusive)
,,,PA0384100,2025-01-01,,,0,Parking/Drop Lot/Garage,290-Destruction/Damage/Vandalism of Property,,,21-Anti-Jewish,,1. Business,,-,,-,,-
,,,,2025-01-01,,,0,Parking/Drop Lot/Garage,290-Destruction/Damage/Vandalism of Property,,,21-Anti-Jewish,,1. Business,,-,,-,,-
LEBANON COUNTY REGIONAL POLICE DEPARTMENT,,,PA0480600,2026-01-08,,,10,Highway/Road/Alley/Street/Sidewalk,13C-Intimidation,,,32-Anti-Hispanic or Latino,,1. F - 32 - W,,-,,1. M - 52 - W (Victim Was Stranger),,-
,,,,2026-01-08,,,10,Highway/Road/Alley/Street/Sidewalk,13C-Intimidation,,,32-Anti-Hispanic or Latino,,2. M - 33 - W,,-,,1. M - 52 - W (Victim Was Stranger),,-
LEHIGH TOWNSHIP (NORTHAMPTON COUNTY),,,,2026-01-08,,,10,Highway/Road/Alley/Street/Sidewalk,290-Destruction/Damage/Vandalism of Property,,,32-Anti-Hispanic or Latino,,1. F - 32 - W,,-,,1. M - 52 - W (Victim Was Stranger),,-
,,,PA0441200,2024-09-21,,,20,Highway/Road/Alley/Street/Sidewalk,13C-Intimidation,,,12-Anti-Black or African American,,1. M - 52 - B,,-,,1. M - 47 - W (Victim Was Otherwise Known),,-
,,,,2025-04-18,,,0,Highway/Road/Alley/Street/Sidewalk,13C-Intimidation,,,12-Anti-Black or African American,,1. F - 48 - B,,-,,1. M - 40 - W (Victim Was Neighbor),,-
LEWISTOWN BOROUGH,,,,2025-04-18,,,0,Highway/Road/Alley/Street/Sidewalk,290-Destruction/Damage/Vandalism of Property,,,12-Anti-Black or African American,,1. F - 48 - B,,-,,1. M - 40 - W (Victim Was Neighbor),,-
,,,PA0220400,2024-05-01,,,8,Residence/Home,13C-Intimidation,,,21-Anti-Jewish,,1. M - 42 - W,,-,,-,,-
,,,,2024-09-21,,,18,Residence/Home,13C-Intimidation,,,21-Anti-Jewish,,1. M - 43 - W,,-,,"1. M - 9 - B (Victim Was Acquaintance)
2. M - 8 - B (Victim Was Acquaintance)",,-
LOWER PAXTON TOWNSHIP,,,,2025-05-19,,,14,Residence/Home,13C-Intimidation,,,12-Anti-Black or African American,,1. F - 60 - B,,-,,-,,-
,,,,2025-05-22,,,8,Residence/Home,13C-Intimidation,,,"43-Anti-Lesbian, Gay, Bisexual, or Transgender (Mixed Group)",,1. F - 36 - W,,-,,-,,-
,,,,2026-05-22,,,16,Residence/Home,13C-Intimidation,,,12-Anti-Black or African American,,1. F - 27 - B,,-,,1. M - 33 - W (Victim Was Acquaintance),,-
,,,,2026-05-31,,,13,Park/Playground,13C-Intimidation,,,12-Anti-Black or African American,,1. M - 70 - B,,-,,1. M - 57 - W (Victim Was Acquaintance),,-
,,,PA0131000,2025-07-01,,,9,Farm Facility,13C-Intimidation,,,24-Anti-Islamic (Muslim),,1. M - 32 - W,,-,,1. F - 58 - W (Victim Was Stranger),,-
,,,PA0023400,2025-08-23,,,16,Restaurant,13B-Simple Assault,,,33-Anti-Other Race/Ethnicity/Ancestry,,1. M - 17 - W,,M-Apparent Minor Injury,,"1. M - 17 - B (Victim Was Otherwise Known)
2. M - 17 - W (Victim Was Offender)",,40-Personal Weapons
MAHONING TOWNSHIP (CARBON COUNTY),,,,2025-08-23,,,16,Restaurant,13B-Simple Assault,,,33-Anti-Other Race/Ethnicity/Ancestry,,2. M - 17 - B,,M-Apparent Minor Injury,,"1. M - 17 - B (Victim Was Offender)
2. M - 17 - W (Victim Was Otherwise Known)",,40-Personal Weapons
MCCANDLESS TOWNSHIP,,,,2025-09-21,,,14,Restaurant,13B-Simple Assault,,,24-Anti-Islamic (Muslim),,1. M - 19 - W,,N-None,,1. M - 19 - W (Relationship Unknown),,95-Unknown
,,,PA0021400,2021-11-13,,,18,Highway/Road/Alley/Street/Sidewalk,13B-Simple Assault,,,11-Anti-White,,1. M - 32 - W,,N-None,,1. M - 56 - B (Victim Was Stranger),,40-Personal Weapons
,,,,2021-11-13,,,18,Highway/Road/Alley/Street/Sidewalk,13B-Simple Assault,,,11-Anti-White,,2. M - 30 - W,,N-None,,1. M - 56 - B (Victim Was Stranger),,40-Personal Weapons
MCKEES ROCKS BOROUGH,,,,2022-10-14,,,16,Cyberspace,13C-Intimidation,,,12-Anti-Black or African American,,1. F - 35 - B,,-,,-,,-
,,,PA0250300,2026-02-13,,,15,Service/Gas Station,13B-Simple Assault,,,13-Anti-American Indian or Alaska Native,,1. M - 20 - W,,N-None,,1. M - 52 - W (Victim Was Stranger),,99-None (Mutually Exclusive)
,,,PA0021700,2021-11-10,,,13,School/College,290-Destruction/Damage/Vandalism of Property,,,21-Anti-Jewish,,1. Other,,-,,-,,-
MILLCREEK TOWNSHIP (ERIE COUNTY),,,,2022-05-13,,,16,Cyberspace,13C-Intimidation,,,14-Anti-Asian,,1. M - 12 - A,,-,,-,,-
MOUNT LEBANON TOWNSHIP,,,,2023-02-01,,,17,Residence/Home,23H-All Other Larceny,,,21-Anti-Jewish,,1. M - 66 - W,,-,,1. M - 20 - W (Relationship Unknown),,-
,,,,2023-11-03,,,16,Grocery/Supermarket,13B-Simple Assault,,,71-Anti-Transgender,,1. M - 17 - W,,M-Apparent Minor Injury,,1. M - 17 - W (Relationship Unknown),,40-Personal Weapons
,,,,2023-12-14,,,11,Church/Synagogue/Temple/Mosque,13C-Intimidation,,,21-Anti-Jewish,,1. F - 39 - W,,-,,-,,-
,,,,2025-07-21,,,14,Highway/Road/Alley/Street/Sidewalk,13C-Intimidation,,,12-Anti-Black or African American,,1. F - 14 - B,,-,,-,,-
,,,,2025-07-25,,,19,Residence/Home,13C-Intimidation,,,71-Anti-Transgender,,1. F - 10 - W,,-,,-,,-
,,,,2025-09-02,,,13,School–Elementary/Secondary,290-Destruction/Damage/Vandalism of Property,,,41-Anti-Gay (Male),,1. Business,,-,,-,,-
,,,,2025-12-19,,,10,School–Elementary/Secondary,290-Destruction/Damage/Vandalism of Property,,,12-Anti-Black or African American,,1. Government,,-,,-,,-
,,,,2026-01-08,,,12,School–Elementary/Secondary,290-Destruction/Damage/Vandalism of Property,,,"21-Anti-Jewish
12-Anti-Black or African American",,1. Government,,-,,-,,-
,,,PA0027900,2023-02-03,,,3,Highway/Road/Alley/Street/Sidewalk,290-Destruction/Damage/Vandalism of Property,,,72-Anti-Gender Non-Conforming,,1. M - 28 - B,,-,,1. U - 66 - U (Relationship Unknown),,-
,,,,2025-07-31,,,16,Highway/Road/Alley/Street/Sidewalk,13B-Simple Assault,,,11-Anti-White,,1. F - 45 - W,,M-Apparent Minor Injury,,1. M - 0 - B (Relationship Unknown),,40-Personal Weapons
MOUNT OLIVER BOROUGH,,,,2026-03-10,,,19,Residence/Home,13C-Intimidation,,,32-Anti-Hispanic or Latino,,1. M - 40 - B,,-,,1. M - 64 - U (Victim Was Neighbor),,-
,,,PA0210800,2022-12-17,,,9,Bar/Nightclub,13C-Intimidation,,,33-Anti-Other Race/Ethnicity/Ancestry,,1. M - 54 - W,,-,,1. M - 50 - W (Victim Was Acquaintance),,-
,,,,2025-03-02,,,21,Highway/Road/Alley/Street/Sidewalk,290-Destruction/Damage/Vandalism of Property,,,25-Anti-Other Religion,,1. F - 32 - W,,-,,-,,-
NEW CUMBERLAND BOROUGH,,,PA0091200,2024-02-26,,,13,Bank/Savings and Loan,26A-False Pretense/Swindle/Confidence Game,,,52-Anti-Mental Disability,,1. M - 72 - W,,-,,"1. M - 61 - B (Victim Was Stranger)
2. F - 43 - B (Victim Was Stranger)",,-
,,,,2025-12-05,,,12,School–Elementary/Secondary,290-Destruction/Damage/Vandalism of Property,,,21-Anti-Jewish,,1. Business,,-,,-,,-
NEWTOWN TOWNSHIP (BUCKS COUNTY),,,PA0020Y00,2025-12-08,,,10,School–Elementary/Secondary,13B-Simple Assault,,,12-Anti-Black or African American,,1. M - 15 - W,,M-Apparent Minor Injury,,1. M - 17 - B (Victim Was Acquaintance),,40-Personal Weapons
,,,PA0021B00,2024-12-08,,,21,Residence/Home,13C-Intimidation,,,41-Anti-Gay (Male),,1. M - 42 - W,,-,,1. M - 42 - W (Victim Was Neighbor),,-
NORTH FAYETTE TOWNSHIP,,,,2026-03-13,,,17,Church/Synagogue/Temple/Mosque,13C-Intimidation,,,24-Anti-Islamic (Muslim),,1. M - 00 - W,,-,,1. M - 54 - W (Relationship Unknown),,-
NORTHERN REGIONAL (ALLEGHENY COUNTY),,,PA0021900,2025-08-16,,,15,Residence/Home,13C-Intimidation,,,71-Anti-Transgender,,1. M - 21 - W,,-,,-,,-
,,,,2025-12-04,,,14,Residence/Home,23F-Theft From Motor Vehicle,,,72-Anti-Gender Non-Conforming,,1. F - 36 - B,,-,,-,,-
PENN HILLS TOWNSHIP,,,,2026-02-12,,,11,Residence/Home,13C-Intimidation,,,12-Anti-Black or African American,,1. F - 60 - B,,-,,-,,-
,,,,2026-06-17,,,19,Jail/Prison/Penitentiary/Corrections Facility,13B-Simple Assault,,,12-Anti-Black or African American,,1. M - 00 - B,,N-None,,1. M - 64 - W (Relationship Unknown),,40-Personal Weapons
,,,PA0091700,2024-04-22,,,16,Residence/Home,23H-All Other Larceny,,,"43-Anti-Lesbian, Gay, Bisexual, or Transgender (Mixed Group)",,1. F - 48 - W,,-,,1. U - 0 - U (Relationship Unknown),,-
,,,,2024-05-02,,,8,Residence/Home,23D-Theft From Building,,,"43-Anti-Lesbian, Gay, Bisexual, or Transgender (Mixed Group)",,1. F - 48 - W,,-,,1. U - 0 - U (Relationship Unknown),,-
PENNRIDGE REGIONAL,,,,2024-03-17,,,16,Residence/Home,13C-Intimidation,,,"43-Anti-Lesbian, Gay, Bisexual, or Transgender (Mixed Group)",,1. F - 56 - W,,-,,1. U - 0 - U (Relationship Unknown),,-
,,,PAPEP0000,2021-08-25,,,12,Dock/Wharf/Freight/Modal Terminal,13B-Simple Assault,,,11-Anti-White,,1. M - 51 - W,,M-Apparent Minor Injury,,1. M - 0 - B (Relationship Unknown),,40-Personal Weapons
,,,,2021-10-06,,,12,Park/Playground,13C-Intimidation,,,"43-Anti-Lesbian, Gay, Bisexual, or Transgender (Mixed Group)",,1. M - 40 - W,,-,,1. M - 53 - W (Victim Was Acquaintance),,-
PHILADELPHIA CITY,,,,2021-10-15,,,16,Highway/Road/Alley/Street/Sidewalk,13B-Simple Assault,,,12-Anti-Black or African American,,1. F - 31 - B,,M-Apparent Minor Injury,,1. M - 29 - W (Victim Was Stranger),,40-Personal Weapons
,,,,2021-07-21,,,17,Highway/Road/Alley/Street/Sidewalk,13C-Intimidation,,,"21-Anti-Jewish
41-Anti-Gay (Male)",,1. M - 56 - W,,-,,1. M - 30 - W (Victim Was Otherwise Known),,-
,,,,2021-10-27,,,8,Other/Unknown,290-Destruction/Damage/Vandalism of Property,,,"21-Anti-Jewish
12-Anti-Black or African American",,1. Other,,-,,-,,-
,,,,2021-11-18,,,17,Residence/Home,13A-Aggravated Assault,,,31-Anti-Arab,,1. M - 41 - W,,N-None,,1. M - 57 - W (Victim Was Neighbor),,12-Handgun
,,,,2021-11-19,,,17,Community Center,13B-Simple Assault,,,14-Anti-Asian,,1. M - 17 - A,,M-Apparent Minor Injury,,"1. M - 16 - B (Victim Was Stranger)
2. M - 16 - B (Victim Was Stranger)
3. M - 16 - B (Victim Was Stranger)",,40-Personal Weapons
,,,,2021-04-22,,,13,Community Center,13C-Intimidation,,,12-Anti-Black or African American,,1. M - 65 - B,,-,,-,,-
,,,,2021-06-01,,,20,Drug Store/Doctor’s Office/Hospital,13C-Intimidation,,,12-Anti-Black or African American,,1. M - 22 - B,,-,,1. M - 40 - W (Victim Was Stranger),,-
,,,,2021-07-18,,,17,Specialty Store,120-Robbery,,,14-Anti-Asian,,1. M - 51 - A,,M-Apparent Minor Injury,,"1. F - 40 - W (Relationship Unknown)
2. F - 32 - B (Relationship Unknown)",,90-Other
,,,,2021-08-16,,,9,Restaurant,13A-Aggravated Assault,,,32-Anti-Hispanic or Latino,,1. M - 54 - W,,M-Apparent Minor Injury,,1. M - 48 - W (Victim Was Employee),,90-Other
,,,,2021-08-25,,,0,Air/Bus/Train Terminal,13B-Simple Assault,,,11-Anti-White,,1. M - 51 - W,,M-Apparent Minor Injury,,1. M - 0 - B (Victim Was Stranger),,40-Personal Weapons
,,,,2021-04-20,,,8,Government/Public Building,13C-Intimidation,,,12-Anti-Black or African American,,1. M - 30 - B,,-,,1. U - 0 - U (Relationship Unknown),,-
,,,,2021-07-02,,,11,Government/Public Building,13C-Intimidation,,,12-Anti-Black or African American,,1. M - 20 - B,,-,,1. U - 0 - U (Relationship Unknown),,-
,,,,2021-11-22,,,4,Highway/Road/Alley/Street/Sidewalk,13C-Intimidation,,,12-Anti-Black or African American,,1. F - 23 - B,,-,,1. M - 51 - W (Victim Was Otherwise Known),,-
,,,,2021-04-02,,,20,Highway/Road/Alley/Street/Sidewalk,13B-Simple Assault,,,14-Anti-Asian,,1. M - 25 - I,,N-None,,-,,40-Personal Weapons
,,,,2021-04-06,,,19,Highway/Road/Alley/Street/Sidewalk,13C-Intimidation,,,14-Anti-Asian,,1. M - 64 - A,,-,,1. M - 30 - B (Relationship Unknown),,-
,,,,2021-05-03,,,5,Grocery/Supermarket,13C-Intimidation,,,12-Anti-Black or African American,,1. F - 27 - W,,-,,-,,-
,,,,2021-05-08,,,15,Highway/Road/Alley/Street/Sidewalk,13C-Intimidation,,,14-Anti-Asian,,1. M - 48 - A,,-,,1. M - 28 - B (Victim Was Stranger),,-
,,,,2021-05-07,,,15,Convenience Store,23H-All Other Larceny,,,14-Anti-Asian,,1. F - 34 - A,,-,,1. F - 39 - B (Victim Was Stranger),,-
,,,,2021-06-17,,,11,Dock/Wharf/Freight/Modal Terminal,120-Robbery,,,"43-Anti-Lesbian, Gay, Bisexual, or Transgender (Mixed Group)",,1. F - 29 - A,,M-Apparent Minor Injury,,"1. M - 20 - B (Relationship Unknown)
2. M - 20 - B (Relationship Unknown)",,20-Knife/Cutting Instrument
,,,,2021-08-28,,,0,Highway/Road/Alley/Street/Sidewalk,13C-Intimidation,,,41-Anti-Gay (Male),,1. M - 34 - W,,-,,-,,-
,,,,2021-09-07,,,14,Highway/Road/Alley/Street/Sidewalk,13C-Intimidation,,,41-Anti-Gay (Male),,1. M - 28 - W,,-,,1. M - 0 - W (Relationship Unknown),,-
,,,,2021-10-20,,,18,Highway/Road/Alley/Street/Sidewalk,13B-Simple Assault,,,33-Anti-Other Race/Ethnicity/Ancestry,,1. M - 31 - W,,N-None,,-,,90-Other
,,,,2021-11-17,,,16,Government/Public Building,13C-Intimidation,,,12-Anti-Black or African American,,1. M - 35 - W,,-,,-,,-
,,,,2021-12-16,,,8,Highway/Road/Alley/Street/Sidewalk,13A-Aggravated Assault,,,12-Anti-Black or African American,,1. F - 56 - B,,I-Possible Internal Injury,,1. M - 25 - W (Victim Was Stranger),,40-Personal Weapons
,,,,2021-09-19,,,15,Bar/Nightclub,13C-Intimidation,,,14-Anti-Asian,,1. F - 40 - A,,-,,1. M - 45 - W (Relationship Unknown),,-
,,,,2021-12-27,,,12,Bank/Savings and Loan,13C-Intimidation,,,"12-Anti-Black or African American
21-Anti-Jewish",,1. F - 30 - W,,-,,-,,-
,,,,2021-04-07,,,0,Residence/Home,13C-Intimidation,,,12-Anti-Black or African American,,1. M - 61 - B,,-,,1. M - 30 - W (Victim Was Neighbor),,-
,,,,2021-04-28,,,0,Residence/Home,290-Destruction/Damage/Vandalism of Property,,,11-Anti-White,,1. M - 33 - W,,-,,-,,-
,,,,2021-06-07,,,16,Residence/Home,13C-Intimidation,,,12-Anti-Black or African American,,1. M - 58 - B,,-,,1. F - 58 - W (Victim Was Otherwise Known),,-
,,,,2021-07-13,,,21,Grocery/Supermarket,200-Arson,,,12-Anti-Black or African American,,1. Business,,-,,-,,-
,,,,2021-11-06,,,5,Residence/Home,13C-Intimidation,,,21-Anti-Jewish,,1. M - 51 - W,,-,,1. U - 33 - U (Victim Was Stranger),,-
,,,,2021-05-17,,,9,Church/Synagogue/Temple/Mosque,290-Destruction/Damage/Vandalism of Property,,,23-Anti-Protestant,,1. Business,,-,,-,,-
,,,,2021-06-03,,,18,Highway/Road/Alley/Street/Sidewalk,13C-Intimidation,,,12-Anti-Black or African American,,1. F - 44 - B,,-,,1. F - 60 - W (Victim Was Neighbor),,-
,,,,2021-06-18,,,15,Church/Synagogue/Temple/Mosque,13C-Intimidation,,,22-Anti-Catholic,,1. M - 69 - W,,-,,-,,-
,,,,2021-10-12,,,0,Park/Playground,290-Destruction/Damage/Vandalism of Property,,,12-Anti-Black or African American,,1. Government,,-,,-,,-
,,,,2021-10-24,,,19,School–Elementary/Secondary,290-Destruction/Damage/Vandalism of Property,,,12-Anti-Black or African American,,1. Other,,-,,-,,-
,,,,2021-12-23,,,12,Residence/Home,13C-Intimidation,,,12-Anti-Black or African American,,1. F - 66 - B,,-,,1. M - 50 - W (Victim Was Neighbor),,-
,,,,2021-04-13,,,20,Dock/Wharf/Freight/Modal Terminal,13B-Simple Assault,,,14-Anti-Asian,,1. M - 30 - A,,N-None,,1. M - 16 - B (Victim Was Stranger),,40-Personal Weapons
,,,,2021-04-22,,,22,Commercial/Office Building,13C-Intimidation,,,12-Anti-Black or African American,,1. F - 68 - B,,-,,-,,-
,,,,2021-05-21,,,13,Highway/Road/Alley/Street/Sidewalk,120-Robbery,,,21-Anti-Jewish,,1. F - 24 - W,,N-None,,1. M - 0 - W (Relationship Unknown),,20-Knife/Cutting Instrument
,,,,2021-06-02,,,9,Dock/Wharf/Freight/Modal Terminal,13A-Aggravated Assault,,,12-Anti-Black or African American,,1. M - 33 - B,,N-None,,1. M - 33 - W (Victim Was Stranger),,20-Knife/Cutting Instrument
,,,,2021-06-02,,,9,Dock/Wharf/Freight/Modal Terminal,13A-Aggravated Assault,,,12-Anti-Black or African American,,1. M - 20 - B,,N-None,,1. M - 33 - W (Victim Was Stranger),,20-Knife/Cutting Instrument
,,,,2021-05-15,,,16,Highway/Road/Alley/Street/Sidewalk,13C-Intimidation,,,21-Anti-Jewish,,1. F - 69 - W,,-,,-,,-
,,,,2021-07-04,,,18,Dock/Wharf/Freight/Modal Terminal,13B-Simple Assault,,,"14-Anti-Asian
41-Anti-Gay (Male)",,1. M - 28 - A,,N-None,,"1. M - 15 - B (Victim Was Stranger)
2. M - 15 - B (Victim Was Stranger)",,90-Other
,,,,2021-08-23,,,11,Department/Discount Store,13C-Intimidation,,,12-Anti-Black or African American,,1. F - 65 - W,,-,,-,,-
,,,,2021-09-28,,,0,School–Elementary/Secondary,11D-Fondling,,,"43-Anti-Lesbian, Gay, Bisexual, or Transgender (Mixed Group)",,1. M - 14 - B,,N-None,,1. M - 14 - B (Victim Was Friend),,99-None (Mutually Exclusive)
,,,,2021-09-30,,,10,Commercial/Office Building,13C-Intimidation,,,12-Anti-Black or African American,,1. M - 50 - W,,-,,-,,-
,,,,2021-10-04,,,10,Commercial/Office Building,13C-Intimidation,,,12-Anti-Black or African American,,1. M - 60 - W,,-,,-,,-
,,,,2021-12-08,,,3,Commercial/Office Building,13B-Simple Assault,,,"41-Anti-Gay (Male)
42-Anti-Lesbian (Female)",,1. M - 19 - W,,N-None,,1. M - 41 - B (Victim Was Acquaintance),,99-None (Mutually Exclusive)
,,,,2021-12-21,,,8,Highway/Road/Alley/Street/Sidewalk,13B-Simple Assault,,,11-Anti-White,,1. F - 45 - W,,M-Apparent Minor Injury,,1. F - 28 - B (Victim Was Stranger),,99-None (Mutually Exclusive)
,,,,2021-04-24,,,13,Residence/Home,290-Destruction/Damage/Vandalism of Property,,,41-Anti-Gay (Male),,1. M - 39 - W,,-,,-,,-
,,,,2021-08-22,,,22,Hotel/Motel/Etc.,13A-Aggravated Assault,,,12-Anti-Black or African American,,1. M - 39 - I,,N-None,,-,,20-Knife/Cutting Instrument
,,,,2021-11-10,,,10,School–Elementary/Secondary,13B-Simple Assault,,,24-Anti-Islamic (Muslim),,1. F - 14 - B,,M-Apparent Minor Injury,,1. F - 0 - B (Victim Was Acquaintance),,40-Personal Weapons
,,,,2021-04-28,,,19,Highway/Road/Alley/Street/Sidewalk,13A-Aggravated Assault,,,12-Anti-Black or African American,,1. M - 52 - B,,N-None,,-,,12-Handgun
,,,,2021-08-18,,,19,Highway/Road/Alley/Street/Sidewalk,13C-Intimidation,,,"43-Anti-Lesbian, Gay, Bisexual, or Transgender (Mixed Group)",,1. M - 53 - W,,-,,-,,-
,,,,2021-08-21,,,21,Highway/Road/Alley/Street/Sidewalk,13C-Intimidation,,,"43-Anti-Lesbian, Gay, Bisexual, or Transgender (Mixed Group)",,1. M - 67 - B,,-,,1. F - 0 - B (Victim Was Neighbor),,-
,,,,2021-11-16,,,7,Other/Unknown,13C-Intimidation,,,"43-Anti-Lesbian, Gay, Bisexual, or Transgender (Mixed Group)",,1. F - 50 - B,,-,,1. F - 20 - B (Relationship Unknown),,-
,,,,2021-12-16,,,18,Residence/Home,13C-Intimidation,,,21-Anti-Jewish,,1. F - 55 - W,,-,,1. M - 44 - U (Victim Was Stranger),,-
,,,,2021-04-19,,,0,Highway/Road/Alley/Street/Sidewalk,13C-Intimidation,,,"12-Anti-Black or African American
21-Anti-Jewish",,2. F - 35 - W,,-,,-,,-
,,,,2021-04-19,,,0,Community Center,290-Destruction/Damage/Vandalism of Property,,,"21-Anti-Jewish
12-Anti-Black or African American",,1. Business,,-,,-,,-
,,,,2021-05-15,,,18,Residence/Home,13A-Aggravated Assault,,,33-Anti-Other Race/Ethnicity/Ancestry,,1. F - 31 - W,,M-Apparent Minor Injury,,1. F - 51 - W (Victim Was Neighbor),,90-Other
,,,,2021-05-16,,,2,Residence/Home,200-Arson,,,"12-Anti-Black or African American
43-Anti-Lesbian, Gay, Bisexual, or Transgender (Mixed Group)",,1. F - 30 - B,,-,,1. F - 35 - W (Victim Was Neighbor),,-
,,,,2021-06-11,,,12,Drug Store/Doctor’s Office/Hospital,13B-Simple Assault,,,"43-Anti-Lesbian, Gay, Bisexual, or Transgender (Mixed Group)",,1. F - 17 - W,,M-Apparent Minor Injury,,1. M - 17 - B (Victim Was Acquaintance),,40-Personal Weapons
,,,,2021-07-15,,,20,Highway/Road/Alley/Street/Sidewalk,290-Destruction/Damage/Vandalism of Property,,,12-Anti-Black or African American,,1. Government,,-,,-,,-
,,,,2021-10-16,,,11,Highway/Road/Alley/Street/Sidewalk,13A-Aggravated Assault,,,12-Anti-Black or African American,,1. M - 42 - B,,O-Other Major Injury,,1. M - 0 - W (Relationship Unknown),,40-Personal Weapons
,,,,2021-12-07,,,16,School–Elementary/Secondary,13A-Aggravated Assault,,,14-Anti-Asian,,1. M - 12 - A,,N-None,,1. M - 12 - W (Victim Was Otherwise Known),,30-Blunt Object
,,,,2021-07-08,,,11,Highway/Road/Alley/Street/Sidewalk,13B-Simple Assault,,,12-Anti-Black or African American,,1. M - 53 - B,,N-None,,1. M - 0 - W (Victim Was Stranger),,40-Personal Weapons
,,,,2021-12-12,,,13,Dock/Wharf/Freight/Modal Terminal,13C-Intimidation,,,14-Anti-Asian,,1. F - 25 - A,,-,,-,,-
,,,,2021-06-28,,,21,Highway/Road/Alley/Street/Sidewalk,13B-Simple Assault,,,41-Anti-Gay (Male),,1. M - 54 - W,,N-None,,1. F - 46 - B (Victim Was Neighbor),,99-None (Mutually Exclusive)
,,,,2021-07-12,,,14,Residence/Home,13C-Intimidation,,,12-Anti-Black or African American,,1. F - 44 - B,,-,,1. U - 0 - U (Relationship Unknown),,-
,,,,2021-10-04,,,18,Highway/Road/Alley/Street/Sidewalk,13C-Intimidation,,,31-Anti-Arab,,1. M - 26 - A,,-,,1. M - 51 - W (Victim Was Neighbor),,-
,,,,2021-10-05,,,17,Residence/Home,13C-Intimidation,,,12-Anti-Black or African American,,1. M - 21 - B,,-,,1. M - 41 - W (Victim Was Acquaintance),,-
,,,,2021-10-05,,,17,Residence/Home,290-Destruction/Damage/Vandalism of Property,,,12-Anti-Black or African American,,1. M - 21 - B,,-,,1. M - 41 - W (Victim Was Acquaintance),,-
,,,,2021-10-09,,,10,Highway/Road/Alley/Street/Sidewalk,13C-Intimidation,,,"15-Anti-Multiple Races, Group",,1. M - 21 - B,,-,,1. M - 41 - U (Relationship Unknown),,-
,,,,2021-11-26,,,22,Highway/Road/Alley/Street/Sidewalk,13A-Aggravated Assault,,,"43-Anti-Lesbian, Gay, Bisexual, or Transgender (Mixed Group)",,1. M - 59 - B,,"M-Apparent Minor Injury
U-Unconsciousness
O-Other Major Injury",,1. M - 0 - W (Victim Was Stranger),,30-Blunt Object
,,,,2021-04-15,,,11,Restaurant,13C-Intimidation,,,"43-Anti-Lesbian, Gay, Bisexual, or Transgender (Mixed Group)",,1. F - 24 - B,,-,,1. U - 98 - U (Victim Was Stranger),,-
,,,,2021-05-31,,,23,Residence/Home,13C-Intimidation,,,12-Anti-Black or African American,,1. F - 13 - B,,-,,1. M - 13 - B (Victim Was Otherwise Known),,-
,,,,2021-07-30,,,16,Highway/Road/Alley/Street/Sidewalk,13B-Simple Assault,,,14-Anti-Asian,,1. M - 20 - A,,M-Apparent Minor Injury,,1. M - 59 - W (Victim Was Stranger),,40-Personal Weapons
,,,,2021-10-24,,,0,Residence/Home,290-Destruction/Damage/Vandalism of Property,,,21-Anti-Jewish,,1. Business,,-,,-,,-
,,,,2021-11-21,,,5,Highway/Road/Alley/Street/Sidewalk,13A-Aggravated Assault,,,11-Anti-White,,1. F - 37 - W,,N-None,,-,,12-Handgun
,,,,2021-11-29,,,3,Highway/Road/Alley/Street/Sidewalk,290-Destruction/Damage/Vandalism of Property,,,12-Anti-Black or African American,,1. Business,,-,,-,,-
,,,,2021-11-29,,,16,Specialty Store,13B-Simple Assault,,,12-Anti-Black or African American,,1. F - 34 - B,,N-None,,-,,40-Personal Weapons
,,,,2021-06-04,,,14,School–Elementary/Secondary,13C-Intimidation,,,12-Anti-Black or African American,,1. F - 00 - B,,-,,1. U - 0 - U (Relationship Unknown),,-
,,,,2021-06-21,,,11,Grocery/Supermarket,13B-Simple Assault,,,12-Anti-Black or African American,,1. M - 35 - B,,N-None,,1. M - 38 - W (Relationship Unknown),,40-Personal Weapons
,,,,2021-06-19,,,14,Highway/Road/Alley/Street/Sidewalk,13A-Aggravated Assault,,,42-Anti-Lesbian (Female),,1. F - 48 - B,,O-Other Major Injury,,1. F - 47 - B (Victim Was Otherwise Known),,30-Blunt Object
,,,,2021-08-20,,,0,Highway/Road/Alley/Street/Sidewalk,13A-Aggravated Assault,,,41-Anti-Gay (Male),,1. M - 19 - B,,I-Possible Internal Injury,,1. M - 20 - W (Victim Was Stranger),,40-Personal Weapons
,,,,2021-11-18,,,11,School–Elementary/Secondary,13C-Intimidation,,,12-Anti-Black or African American,,1. M - 39 - B,,-,,-,,-
,,,,2021-11-21,,,18,Highway/Road/Alley/Street/Sidewalk,120-Robbery,,,12-Anti-Black or African American,,1. M - 35 - B,,N-None,,-,,12-Handgun
,,,,2021-11-21,,,18,Highway/Road/Alley/Street/Sidewalk,520-Weapons Law Violations,,,12-Anti-Black or African American,,2. Society/Public,,-,,-,,12-Handgun
,,,,2021-04-25,,,6,Commercial/Office Building,13C-Intimidation,,,"43-Anti-Lesbian, Gay, Bisexual, or Transgender (Mixed Group)",,1. M - 27 - W,,-,,1. M - 40 - W (Victim Was Otherwise Known),,-
,,,,2021-06-17,,,18,Highway/Road/Alley/Street/Sidewalk,13C-Intimidation,,,"43-Anti-Lesbian, Gay, Bisexual, or Transgender (Mixed Group)",,1. M - 44 - B,,-,,1. F - 38 - B (Victim Was Sibling),,-
,,,,2021-06-05,,,0,Highway/Road/Alley/Street/Sidewalk,13A-Aggravated Assault,,,12-Anti-Black or African American,,1. M - 42 - B,,N-None,,"1. F - 34 - W (Victim Was Acquaintance)
2. F - 34 - B (Victim Was Acquaintance)
3. M - 31 - W (Victim Was Acquaintance)",,30-Blunt Object
,,,,2021-06-05,,,0,Highway/Road/Alley/Street/Sidewalk,13A-Aggravated Assault,,,12-Anti-Black or African American,,2. F - 29 - B,,O-Other Major Injury,,"1. F - 34 - W (Victim Was Acquaintance)
2. F - 34 - B (Victim Was Acquaintance)",,30-Blunt Object
,,,,2021-06-13,,,7,Highway/Road/Alley/Street/Sidewalk,13A-Aggravated Assault,,,11-Anti-White,,1. M - 65 - W,,M-Apparent Minor Injury,,1. M - 32 - B (Victim Was Stranger),,20-Knife/Cutting Instrument
,,,,2021-06-13,,,9,Highway/Road/Alley/Street/Sidewalk,120-Robbery,,,11-Anti-White,,1. M - 44 - W,,M-Apparent Minor Injury,,1. M - 32 - B (Relationship Unknown),,30-Blunt Object
,,,,2021-11-18,,,8,School–Elementary/Secondary,13C-Intimidation,,,12-Anti-Black or African American,,1. F - 52 - B,,-,,1. U - 0 - U (Relationship Unknown),,-
,,,,2021-04-07,,,22,Highway/Road/Alley/Street/Sidewalk,13C-Intimidation,,,14-Anti-Asian,,1. F - 40 - A,,-,,1. F - 0 - B (Victim Was Employer),,-
,,,,2021-04-07,,,22,Grocery/Supermarket,290-Destruction/Damage/Vandalism of Property,,,14-Anti-Asian,,1. F - 40 - A,,-,,1. F - 0 - B (Victim Was Employer),,-
,,,,2021-04-22,,,10,Government/Public Building,13C-Intimidation,,,12-Anti-Black or African American,,1. M - 30 - W,,-,,-,,-
,,,,2021-05-03,,,6,Government/Public Building,13C-Intimidation,,,12-Anti-Black or African American,,1. M - 40 - W,,-,,-,,-
,,,,2021-07-12,,,7,Government/Public Building,13C-Intimidation,,,12-Anti-Black or African American,,1. M - 30 - B,,-,,-,,-
,,,,2021-09-11,,,18,Highway/Road/Alley/Street/Sidewalk,120-Robbery,,,41-Anti-Gay (Male),,1. M - 27 - B,,M-Apparent Minor Injury,,-,,90-Other
,,,,2021-10-10,,,11,Highway/Road/Alley/Street/Sidewalk,290-Destruction/Damage/Vandalism of Property,,,41-Anti-Gay (Male),,1. U - 00 - U,,-,,-,,-
,,,,2021-11-24,,,12,Highway/Road/Alley/Street/Sidewalk,13A-Aggravated Assault,,,32-Anti-Hispanic or Latino,,1. M - 50 - W,,M-Apparent Minor Injury,,1. M - 38 - W (Victim Was Stranger),,35-Motor Vehicle/Vessel
,,,,2021-12-08,,,14,Department/Discount Store,13C-Intimidation,,,12-Anti-Black or African American,,1. F - 41 - W,,-,,-,,-
,,,,2021-12-19,,,15,Highway/Road/Alley/Street/Sidewalk,13C-Intimidation,,,14-Anti-Asian,,1. F - 49 - A,,-,,-,,-
,,,,2021-04-04,,,22,Highway/Road/Alley/Street/Sidewalk,13B-Simple Assault,,,11-Anti-White,,1. M - 50 - W,,M-Apparent Minor Injury,,"1. M - 13 - B (Victim Was Stranger)
2. M - 13 - B (Victim Was Stranger)
3. M - 13 - B (Victim Was Stranger)",,40-Personal Weapons
,,,,2021-04-21,,,21,Highway/Road/Alley/Street/Sidewalk,290-Destruction/Damage/Vandalism of Property,,,62-Anti-Female,,1. F - 79 - B,,-,,-,,-
,,,,2021-05-14,,,11,Residence/Home,13C-Intimidation,,,13-Anti-American Indian or Alaska Native,,1. M - 39 - B,,-,,1. M - 0 - B (Relationship Unknown),,-
,,,,2021-05-24,,,13,Highway/Road/Alley/Street/Sidewalk,13A-Aggravated Assault,,,12-Anti-Black or African American,,1. F - 37 - B,,N-None,,1. M - 34 - W (Victim Was Stranger),,12-Handgun
,,,,2021-07-14,,,7,Highway/Road/Alley/Street/Sidewalk,13C-Intimidation,,,12-Anti-Black or African American,,1. M - 60 - B,,-,,1. M - 50 - W (Victim Was Stranger),,-
,,,,2021-08-23,,,12,Government/Public Building,13C-Intimidation,,,12-Anti-Black or African American,,1. F - 25 - W,,-,,1. U - 0 - U (Relationship Unknown),,-
,,,,2021-11-17,,,11,Dock/Wharf/Freight/Modal Terminal,13B-Simple Assault,,,14-Anti-Asian,,1. M - 14 - A,,M-Apparent Minor Injury,,-,,40-Personal Weapons
,,,,2021-05-16,,,12,Highway/Road/Alley/Street/Sidewalk,13A-Aggravated Assault,,,12-Anti-Black or African American,,1. F - 27 - B,,N-None,,1. M - 0 - W (Victim Was Stranger),,13-Rifle
,,,,2021-05-21,,,13,Highway/Road/Alley/Street/Sidewalk,13C-Intimidation,,,21-Anti-Jewish,,1. F - 24 - W,,-,,1. M - 25 - P (Victim Was Stranger),,-
,,,,2021-06-01,,,17,Residence/Home,290-Destruction/Damage/Vandalism of Property,,,21-Anti-Jewish,,1. F - 41 - W,,-,,1. M - 62 - B (Relationship Unknown),,-
,,,,2021-11-17,,,15,Dock/Wharf/Freight/Modal Terminal,13A-Aggravated Assault,,,14-Anti-Asian,,1. M - 14 - A,,O-Other Major Injury,,"1. F - 16 - B (Victim Was Stranger)
2. F - 15 - B (Victim Was Stranger)
3. F - 16 - B (Victim Was Stranger)
4. F - 12 - B (Victim Was Stranger)",,40-Personal Weapons
,,,,2021-11-17,,,15,Dock/Wharf/Freight/Modal Terminal,13A-Aggravated Assault,,,14-Anti-Asian,,2. F - 18 - A,,O-Other Major Injury,,"1. F - 16 - B (Victim Was Stranger)
2. F - 15 - B (Victim Was Stranger)
3. F - 16 - B (Victim Was Stranger)
4. F - 12 - B (Victim Was Stranger)",,40-Personal Weapons
,,,,2021-11-17,,,15,Dock/Wharf/Freight/Modal Terminal,13A-Aggravated Assault,,,14-Anti-Asian,,3. M - 14 - A,,M-Apparent Minor Injury,,"1. F - 16 - B (Victim Was Stranger)
2. F - 15 - B (Victim Was Stranger)
3. F - 16 - B (Victim Was Stranger)
4. F - 12 - B (Victim Was Stranger)",,40-Personal Weapons
,,,,2021-11-17,,,15,Dock/Wharf/Freight/Modal Terminal,13A-Aggravated Assault,,,14-Anti-Asian,,4. M - 14 - A,,M-Apparent Minor Injury,,"1. F - 16 - B (Victim Was Stranger)
2. F - 15 - B (Victim Was Stranger)
3. F - 16 - B (Victim Was Stranger)
4. F - 12 - B (Victim Was Stranger)",,40-Personal Weapons
,,,,2021-08-20,,,0,Air/Bus/Train Terminal,13C-Intimidation,,,11-Anti-White,,1. F - 44 - W,,-,,1. F - 0 - B (Relationship Unknown),,-
,,,,2021-11-01,,,23,Air/Bus/Train Terminal,13B-Simple Assault,,,14-Anti-Asian,,1. M - 44 - A,,M-Apparent Minor Injury,,1. M - 19 - W (Victim Was Stranger),,40-Personal Weapons
,,,,2022-11-16,,,20,Residence/Home,13B-Simple Assault,,,"43-Anti-Lesbian, Gay, Bisexual, or Transgender (Mixed Group)",,1. M - 36 - B,,M-Apparent Minor Injury,,1. M - 41 - B (Relationship Unknown),,40-Personal Weapons
,,,,2022-06-21,,,7,Residence/Home,13C-Intimidation,,,12-Anti-Black or African American,,1. F - 58 - B,,-,,1. M - 50 - W (Victim Was Neighbor),,-
,,,,2022-09-30,,,18,Parking/Drop Lot/Garage,13C-Intimidation,,,12-Anti-Black or African American,,1. F - 33 - B,,-,,1. M - 0 - W (Victim Was Stranger),,-
,,,,2022-09-30,,,18,Parking/Drop Lot/Garage,13C-Intimidation,,,12-Anti-Black or African American,,2. F - 13 - B,,-,,1. M - 0 - W (Victim Was Stranger),,-
,,,,2022-12-20,,,21,Residence/Home,13C-Intimidation,,,12-Anti-Black or African American,,1. F - 35 - B,,-,,1. M - 0 - W (Victim Was Neighbor),,-
,,,,2022-02-17,,,14,Grocery/Supermarket,13C-Intimidation,,,12-Anti-Black or African American,,1. M - 30 - B,,-,,-,,-
,,,,2022-02-23,,,17,Grocery/Supermarket,290-Destruction/Damage/Vandalism of Property,,,12-Anti-Black or African American,,1. M - 51 - B,,-,,-,,-
,,,,2022-03-01,,,9,Specialty Store,13C-Intimidation,,,12-Anti-Black or African American,,1. F - 41 - W,,-,,-,,-
,,,,2022-05-14,,,21,Highway/Road/Alley/Street/Sidewalk,290-Destruction/Damage/Vandalism of Property,,,21-Anti-Jewish,,1. M - 27 - A,,-,,-,,-
,,,,2022-07-28,,,10,Highway/Road/Alley/Street/Sidewalk,13B-Simple Assault,,,41-Anti-Gay (Male),,1. M - 36 - W,,N-None,,"1. M - 34 - B (Victim Was Stranger)
2. M - 34 - B (Victim Was Stranger)",,99-None (Mutually Exclusive)
,,,,2022-07-28,,,10,Highway/Road/Alley/Street/Sidewalk,290-Destruction/Damage/Vandalism of Property,,,41-Anti-Gay (Male),,1. M - 36 - W,,N-None,,"1. M - 34 - B (Victim Was Stranger)
2. M - 34 - B (Victim Was Stranger)",,-
,,,,2022-07-30,,,18,Highway/Road/Alley/Street/Sidewalk,13A-Aggravated Assault,,,12-Anti-Black or African American,,1. F - 31 - B,,M-Apparent Minor Injury,,1. F - 63 - W (Victim Was Stranger),,90-Other
,,,,2022-07-30,,,18,Highway/Road/Alley/Street/Sidewalk,13A-Aggravated Assault,,,12-Anti-Black or African American,,2. M - 29 - B,,N-None,,1. F - 63 - W (Victim Was Stranger),,90-Other
,,,,2022-08-25,,,5,Highway/Road/Alley/Street/Sidewalk,13C-Intimidation,,,12-Anti-Black or African American,,1. M - 41 - W,,-,,-,,-
,,,,2022-10-07,,,8,Residence/Home,290-Destruction/Damage/Vandalism of Property,,,12-Anti-Black or African American,,1. M - 39 - W,,-,,1. M - 35 - B (Victim Was Stranger),,-
,,,,2022-10-16,,,16,Highway/Road/Alley/Street/Sidewalk,13A-Aggravated Assault,,,12-Anti-Black or African American,,1. M - 56 - B,,B-Apparent Broken Bones,,1. M - 27 - W (Victim Was Otherwise Known),,40-Personal Weapons
,,,,2022-11-09,,,16,Highway/Road/Alley/Street/Sidewalk,13B-Simple Assault,,,32-Anti-Hispanic or Latino,,1. M - 12 - W,,M-Apparent Minor Injury,,1. M - 14 - B (Victim Was Acquaintance),,40-Personal Weapons
,,,,2022-11-09,,,16,Highway/Road/Alley/Street/Sidewalk,13B-Simple Assault,,,32-Anti-Hispanic or Latino,,2. M - 11 - W,,M-Apparent Minor Injury,,1. M - 14 - B (Victim Was Acquaintance),,40-Personal Weapons
,,,,2022-02-05,,,17,Grocery/Supermarket,13C-Intimidation,,,14-Anti-Asian,,1. F - 46 - A,,-,,1. F - 0 - U (Relationship Unknown),,-
,,,,2022-02-22,,,0,Bar/Nightclub,13C-Intimidation,,,12-Anti-Black or African American,,1. M - 45 - B,,-,,1. M - 28 - W (Relationship Unknown),,-
,,,,2022-04-14,,,18,Highway/Road/Alley/Street/Sidewalk,13B-Simple Assault,,,41-Anti-Gay (Male),,1. M - 28 - A,,N-None,,-,,40-Personal Weapons
,,,,2022-06-30,,,15,Residence/Home,13C-Intimidation,,,"15-Anti-Multiple Races, Group",,1. M - 36 - W,,-,,-,,-
,,,,2022-07-10,,,18,Highway/Road/Alley/Street/Sidewalk,13C-Intimidation,,,14-Anti-Asian,,1. F - 45 - A,,-,,1. M - 48 - W (Victim Was Neighbor),,-
,,,,2022-01-07,,,11,Highway/Road/Alley/Street/Sidewalk,13B-Simple Assault,,,14-Anti-Asian,,1. F - 26 - A,,M-Apparent Minor Injury,,1. F - 40 - B (Victim Was Stranger),,40-Personal Weapons
,,,,2022-01-24,,,11,Specialty Store,13C-Intimidation,,,14-Anti-Asian,,1. M - 45 - A,,-,,-,,-
,,,,2022-02-06,,,19,Highway/Road/Alley/Street/Sidewalk,13A-Aggravated Assault,,,11-Anti-White,,1. M - 44 - W,,N-None,,1. F - 29 - B (Victim Was Stranger),,90-Other
,,,,2022-03-18,,,13,Bank/Savings and Loan,13C-Intimidation,,,12-Anti-Black or African American,,1. F - 00 - A,,-,,-,,-
,,,,2022-06-15,,,0,Other/Unknown,290-Destruction/Damage/Vandalism of Property,,,12-Anti-Black or African American,,1. F - 24 - W,,-,,-,,-
,,,,2022-07-01,,,14,Department/Discount Store,13C-Intimidation,,,12-Anti-Black or African American,,1. M - 28 - W,,-,,-,,-
,,,,2022-09-05,,,19,Dock/Wharf/Freight/Modal Terminal,13C-Intimidation,,,14-Anti-Asian,,1. F - 39 - A,,-,,1. M - 0 - B (Relationship Unknown),,-
,,,,2022-09-14,,,15,Residence/Home,13C-Intimidation,,,41-Anti-Gay (Male),,1. M - 32 - W,,-,,-,,-
,,,,2022-03-01,,,23,Residence/Home,13B-Simple Assault,,,"81-Anti-Eastern Orthodox (Russian, Greek, Other)",,1. M - 48 - A,,M-Apparent Minor Injury,,1. M - 31 - W (Victim Was Neighbor),,40-Personal Weapons
,,,,2022-03-01,,,23,Residence/Home,13B-Simple Assault,,,"81-Anti-Eastern Orthodox (Russian, Greek, Other)",,2. M - 24 - A,,M-Apparent Minor Injury,,1. M - 31 - W (Victim Was Neighbor),,40-Personal Weapons
,,,,2022-03-09,,,3,Highway/Road/Alley/Street/Sidewalk,13C-Intimidation,,,21-Anti-Jewish,,1. M - 59 - W,,-,,-,,-
,,,,2022-03-25,,,17,Department/Discount Store,290-Destruction/Damage/Vandalism of Property,,,21-Anti-Jewish,,1. Business,,-,,-,,-
,,,,2022-05-11,,,0,Department/Discount Store,13C-Intimidation,,,"81-Anti-Eastern Orthodox (Russian, Greek, Other)",,1. F - 61 - W,,-,,-,,-
,,,,2022-06-08,,,12,School–Elementary/Secondary,13C-Intimidation,,,12-Anti-Black or African American,,1. F - 13 - B,,-,,1. M - 12 - W (Victim Was Otherwise Known),,-
,,,,2022-06-15,,,20,Highway/Road/Alley/Street/Sidewalk,13C-Intimidation,,,21-Anti-Jewish,,1. M - 42 - W,,-,,1. M - 0 - W (Relationship Unknown),,-
,,,,2022-07-28,,,12,Residence/Home,13C-Intimidation,,,"12-Anti-Black or African American
21-Anti-Jewish",,1. M - 54 - W,,-,,1. M - 63 - W (Victim Was Acquaintance),,-
,,,,2022-09-05,,,22,Residence/Home,290-Destruction/Damage/Vandalism of Property,,,"43-Anti-Lesbian, Gay, Bisexual, or Transgender (Mixed Group)",,1. F - 19 - W,,-,,-,,-
,,,,2022-10-17,,,17,Commercial/Office Building,13C-Intimidation,,,24-Anti-Islamic (Muslim),,1. M - 32 - W,,-,,1. M - 0 - U (Relationship Unknown),,-
,,,,2022-11-30,,,12,Service/Gas Station,13C-Intimidation,,,"11-Anti-White
42-Anti-Lesbian (Female)",,1. F - 49 - W,,-,,1. M - 46 - U (Victim Was Employer),,-
,,,,2022-05-05,,,15,Highway/Road/Alley/Street/Sidewalk,13C-Intimidation,,,"12-Anti-Black or African American
41-Anti-Gay (Male)",,1. M - 39 - B,,-,,1. M - 0 - W (Victim Was Neighbor),,-
,,,,2022-10-16,,,12,Residence/Home,13C-Intimidation,,,42-Anti-Lesbian (Female),,1. F - 37 - B,,-,,1. M - 70 - B (Victim Was Child),,-
,,,,2022-11-04,,,0,Highway/Road/Alley/Street/Sidewalk,290-Destruction/Damage/Vandalism of Property,,,12-Anti-Black or African American,,1. F - 70 - B,,-,,-,,-
,,,,2022-11-08,,,11,Jail/Prison/Penitentiary/Corrections Facility,13C-Intimidation,,,12-Anti-Black or African American,,1. F - 40 - B,,-,,-,,-
,,,,2022-12-14,,,12,Residence/Home,13C-Intimidation,,,12-Anti-Black or African American,,1. F - 67 - B,,-,,1. M - 0 - W (Victim Was Neighbor),,-
,,,,2022-02-05,,,13,Highway/Road/Alley/Street/Sidewalk,13B-Simple Assault,,,12-Anti-Black or African American,,1. M - 38 - B,,N-None,,1. M - 0 - W (Victim Was Stranger),,99-None (Mutually Exclusive)
,,,,2022-02-07,,,17,Government/Public Building,13B-Simple Assault,,,11-Anti-White,,1. M - 31 - W,,M-Apparent Minor Injury,,1. F - 29 - B (Relationship Unknown),,40-Personal Weapons
,,,,2022-02-15,,,1,School–Elementary/Secondary,13C-Intimidation,,,51-Anti-Physical Disability,,1. M - 12 - W,,-,,-,,-
,,,,2022-03-06,,,1,Bar/Nightclub,290-Destruction/Damage/Vandalism of Property,,,"15-Anti-Multiple Races, Group",,1. Business,,-,,-,,-
,,,,2022-03-29,,,2,Church/Synagogue/Temple/Mosque,290-Destruction/Damage/Vandalism of Property,,,22-Anti-Catholic,,1. Religious Organization,,-,,-,,-
,,,,2022-05-25,,,11,Residence/Home,13C-Intimidation,,,21-Anti-Jewish,,1. M - 40 - W,,-,,-,,-
,,,,2022-06-26,,,0,Church/Synagogue/Temple/Mosque,290-Destruction/Damage/Vandalism of Property,,,22-Anti-Catholic,,1. Religious Organization,,-,,-,,-
,,,,2022-07-18,,,13,Government/Public Building,13B-Simple Assault,,,12-Anti-Black or African American,,1. M - 35 - B,,N-None,,1. M - 41 - B (Victim Was Otherwise Known),,99-None (Mutually Exclusive)
,,,,2022-09-09,,,7,Dock/Wharf/Freight/Modal Terminal,13B-Simple Assault,,,14-Anti-Asian,,1. F - 16 - A,,M-Apparent Minor Injury,,1. M - 25 - B (Victim Was Stranger),,40-Personal Weapons
,,,,2022-09-13,,,7,Dock/Wharf/Freight/Modal Terminal,13B-Simple Assault,,,14-Anti-Asian,,1. M - 13 - B,,M-Apparent Minor Injury,,1. M - 25 - B (Victim Was Stranger),,40-Personal Weapons
,,,,2022-10-17,,,10,Residence/Home,13C-Intimidation,,,41-Anti-Gay (Male),,1. M - 58 - W,,-,,1. M - 79 - W (Victim Was Neighbor),,-
,,,,2022-11-03,,,9,Commercial/Office Building,13C-Intimidation,,,"43-Anti-Lesbian, Gay, Bisexual, or Transgender (Mixed Group)",,1. F - 53 - W,,-,,-,,-
,,,,2022-05-15,,,19,Highway/Road/Alley/Street/Sidewalk,13C-Intimidation,,,12-Anti-Black or African American,,1. F - 33 - B,,-,,1. M - 50 - A (Victim Was Neighbor),,-
,,,,2022-09-07,,,23,Highway/Road/Alley/Street/Sidewalk,13A-Aggravated Assault,,,41-Anti-Gay (Male),,1. M - 31 - B,,I-Possible Internal Injury,,"1. M - 32 - B (Victim Was Neighbor)
2. F - 41 - B (Victim Was Neighbor)",,40-Personal Weapons
,,,,2022-09-07,,,23,Highway/Road/Alley/Street/Sidewalk,13A-Aggravated Assault,,,41-Anti-Gay (Male),,2. F - 66 - B,,I-Possible Internal Injury,,"1. M - 32 - B (Victim Was Neighbor)
2. F - 41 - B (Victim Was Neighbor)",,40-Personal Weapons
,,,,2022-01-16,,,18,Residence/Home,13A-Aggravated Assault,,,12-Anti-Black or African American,,1. M - 43 - B,,N-None,,1. M - 53 - W (Victim Was Neighbor),,60-Explosives
,,,,2022-02-27,,,20,Highway/Road/Alley/Street/Sidewalk,13B-Simple Assault,,,12-Anti-Black or African American,,1. M - 40 - B,,N-None,,-,,40-Personal Weapons
,,,,2022-03-08,,,11,Bank/Savings and Loan,13C-Intimidation,,,12-Anti-Black or African American,,1. M - 30 - B,,-,,-,,-
,,,,2022-03-09,,,13,Bank/Savings and Loan,13C-Intimidation,,,12-Anti-Black or African American,,1. M - 34 - B,,-,,-,,-
,,,,2022-04-18,,,0,Grocery/Supermarket,13C-Intimidation,,,11-Anti-White,,1. F - 30 - W,,-,,-,,-
,,,,2022-04-26,,,13,Bank/Savings and Loan,13C-Intimidation,,,12-Anti-Black or African American,,1. M - 35 - B,,-,,-,,-
,,,,2022-07-27,,,12,Bank/Savings and Loan,13C-Intimidation,,,12-Anti-Black or African American,,1. F - 31 - B,,-,,-,,-
,,,,2022-08-29,,,10,Government/Public Building,13C-Intimidation,,,12-Anti-Black or African American,,1. F - 00 - B,,-,,-,,-
,,,,2022-01-20,,,9,Highway/Road/Alley/Street/Sidewalk,13C-Intimidation,,,12-Anti-Black or African American,,1. F - 46 - B,,-,,1. M - 33 - W (Victim Was Neighbor),,-
,,,,2022-01-21,,,0,School–Elementary/Secondary,13C-Intimidation,,,12-Anti-Black or African American,,1. M - 40 - W,,-,,-,,-
,,,,2022-03-07,,,11,Highway/Road/Alley/Street/Sidewalk,13C-Intimidation,,,12-Anti-Black or African American,,1. F - 27 - B,,-,,"1. F - 40 - W (Victim Was Acquaintance)
2. F - 40 - W (Victim Was Acquaintance)",,-
,,,,2022-05-25,,,18,Residence/Home,13A-Aggravated Assault,,,41-Anti-Gay (Male),,1. M - 15 - B,,"M-Apparent Minor Injury
O-Other Major Injury
L-Severe Laceration",,1. M - 14 - B (Victim Was Acquaintance),,40-Personal Weapons
,,,,2022-07-12,,,7,School–Elementary/Secondary,200-Arson,,,41-Anti-Gay (Male),,1. Government,,-,,-,,-
,,,,2022-10-11,,,12,School–Elementary/Secondary,13B-Simple Assault,,,14-Anti-Asian,,1. M - 17 - A,,M-Apparent Minor Injury,,1. M - 17 - B (Victim Was Otherwise Known),,40-Personal Weapons
,,,,2022-12-03,,,6,Drug Store/Doctor’s Office/Hospital,13C-Intimidation,,,12-Anti-Black or African American,,1. M - 49 - B,,-,,1. M - 36 - W (Relationship Unknown),,-
,,,,2022-12-03,,,6,Drug Store/Doctor’s Office/Hospital,13C-Intimidation,,,12-Anti-Black or African American,,2. M - 33 - B,,-,,1. M - 36 - W (Relationship Unknown),,-
,,,,2022-01-20,,,19,Grocery/Supermarket,13C-Intimidation,,,12-Anti-Black or African American,,1. F - 44 - B,,-,,-,,-
,,,,2022-09-26,,,21,Highway/Road/Alley/Street/Sidewalk,120-Robbery,,,14-Anti-Asian,,1. M - 24 - A,,N-None,,1. M - 30 - B (Victim Was Stranger),,12-Handgun
,,,,2022-12-03,,,18,Dock/Wharf/Freight/Modal Terminal,120-Robbery,,,41-Anti-Gay (Male),,1. M - 28 - W,,M-Apparent Minor Injury,,"1. M - 0 - B (Victim Was Stranger)
2. F - 0 - B (Victim Was Stranger)",,40-Personal Weapons
,,,,2022-12-03,,,18,Dock/Wharf/Freight/Modal Terminal,120-Robbery,,,41-Anti-Gay (Male),,2. M - 26 - W,,M-Apparent Minor Injury,,"1. M - 0 - B (Victim Was Stranger)
2. F - 0 - B (Victim Was Stranger)",,40-Personal Weapons
,,,,2022-02-10,,,16,Residence/Home,13C-Intimidation,,,21-Anti-Jewish,,1. M - 41 - W,,-,,1. M - 35 - W (Victim Was Employer),,-
,,,,2022-03-31,,,8,School–Elementary/Secondary,13C-Intimidation,,,12-Anti-Black or African American,,1. M - 13 - B,,-,,1. M - 40 - W (Victim Was Stranger),,-
,,,,2022-05-03,,,22,Residence/Home,13C-Intimidation,,,41-Anti-Gay (Male),,1. M - 57 - B,,-,,-,,-
,,,,2022-05-12,,,19,Residence/Home,13C-Intimidation,,,31-Anti-Arab,,1. M - 26 - A,,-,,1. M - 52 - W (Victim Was Neighbor),,-
,,,,2022-07-15,,,14,Highway/Road/Alley/Street/Sidewalk,13B-Simple Assault,,,41-Anti-Gay (Male),,1. M - 21 - W,,N-None,,1. F - 45 - B (Relationship Unknown),,90-Other
,,,,2022-07-29,,,13,Residence/Home,13A-Aggravated Assault,,,12-Anti-Black or African American,,1. M - 22 - B,,O-Other Major Injury,,1. M - 42 - W (Victim Was Neighbor),,"40-Personal Weapons
90-Other"
,,,,2022-09-27,,,20,Highway/Road/Alley/Street/Sidewalk,13A-Aggravated Assault,,,12-Anti-Black or African American,,1. M - 21 - B,,M-Apparent Minor Injury,,"1. M - 22 - W (Victim Was Otherwise Known)
2. M - 22 - W (Victim Was Otherwise Known)",,20-Knife/Cutting Instrument
,,,,2022-05-11,,,12,Shelter–Mission/Homeless,290-Destruction/Damage/Vandalism of Property,,,21-Anti-Jewish,,1. Business,,-,,-,,-
,,,,2022-05-13,,,10,School–Elementary/Secondary,13C-Intimidation,,,12-Anti-Black or African American,,1. U - 00 - U,,-,,1. U - 0 - U (Relationship Unknown),,-
,,,,2022-05-22,,,0,Residence/Home,290-Destruction/Damage/Vandalism of Property,,,11-Anti-White,,1. F - 68 - W,,-,,-,,-
,,,,2022-09-08,,,19,Restaurant,13C-Intimidation,,,12-Anti-Black or African American,,1. F - 47 - B,,-,,1. U - 0 - U (Relationship Unknown),,-
,,,,2022-03-02,,,12,Department/Discount Store,13C-Intimidation,,,12-Anti-Black or African American,,1. M - 27 - A,,-,,1. U - 0 - U (Relationship Unknown),,-
,,,,2022-05-05,,,11,Residence/Home,13C-Intimidation,,,12-Anti-Black or African American,,1. F - 63 - B,,-,,1. U - 56 - U (Victim Was Neighbor),,-
,,,,2022-08-17,,,9,Highway/Road/Alley/Street/Sidewalk,13A-Aggravated Assault,,,12-Anti-Black or African American,,1. M - 50 - B,,N-None,,-,,40-Personal Weapons
,,,,2022-10-29,,,15,Residence/Home,13A-Aggravated Assault,,,11-Anti-White,,1. M - 41 - W,,N-None,,1. M - 0 - B (Victim Was Otherwise Known),,30-Blunt Object
,,,,2022-11-28,,,15,Specialty Store,13C-Intimidation,,,12-Anti-Black or African American,,1. F - 34 - B,,-,,-,,-
,,,,2022-01-11,,,9,Church/Synagogue/Temple/Mosque,13C-Intimidation,,,12-Anti-Black or African American,,1. M - 45 - B,,-,,-,,-
,,,,2022-08-01,,,15,Restaurant,13C-Intimidation,,,12-Anti-Black or African American,,1. M - 50 - A,,-,,-,,-
,,,,2022-10-20,,,7,Highway/Road/Alley/Street/Sidewalk,23F-Theft From Motor Vehicle,,,12-Anti-Black or African American,,1. F - 25 - B,,-,,-,,-
,,,,2022-01-10,,,20,Department/Discount Store,13C-Intimidation,,,11-Anti-White,,1. F - 45 - W,,-,,1. M - 0 - B (Relationship Unknown),,-
,,,,2022-01-19,,,13,Residence/Home,13C-Intimidation,,,32-Anti-Hispanic or Latino,,1. M - 56 - W,,-,,-,,-
,,,,2022-05-27,,,15,Restaurant,13A-Aggravated Assault,,,"43-Anti-Lesbian, Gay, Bisexual, or Transgender (Mixed Group)",,1. M - 32 - B,,M-Apparent Minor Injury,,"1. F - 43 - B (Victim Was Stranger)
2. F - 43 - B (Victim Was Stranger)",,90-Other
,,,,2022-06-07,,,18,Specialty Store,13B-Simple Assault,,,"12-Anti-Black or African American
43-Anti-Lesbian, Gay, Bisexual, or Transgender (Mixed Group)",,1. M - 42 - B,,N-None,,1. M - 0 - W (Victim Was Stranger),,40-Personal Weapons
,,,,2022-06-11,,,15,Community Center,13C-Intimidation,,,11-Anti-White,,1. F - 13 - W,,-,,"1. F - 14 - B (Victim Was Stranger)
2. M - 14 - B (Victim Was Stranger)",,-
,,,,2022-06-11,,,15,Community Center,13C-Intimidation,,,11-Anti-White,,2. M - 11 - W,,-,,"1. F - 14 - B (Victim Was Stranger)
2. M - 14 - B (Victim Was Stranger)",,-
,,,,2022-11-14,,,18,Highway/Road/Alley/Street/Sidewalk,13A-Aggravated Assault,,,14-Anti-Asian,,1. M - 48 - A,,M-Apparent Minor Injury,,1. M - 16 - W (Victim Was Stranger),,12-Handgun
,,,,2022-11-14,,,18,Highway/Road/Alley/Street/Sidewalk,520-Weapons Law Violations,,,14-Anti-Asian,,2. Society/Public,,-,,-,,11-Firearm
,,,,2022-12-16,,,13,Residence/Home,13A-Aggravated Assault,,,"43-Anti-Lesbian, Gay, Bisexual, or Transgender (Mixed Group)",,1. F - 23 - W,,M-Apparent Minor Injury,,1. F - 43 - W (Victim Was Child),,20-Knife/Cutting Instrument
,,,,2022-05-05,,,7,Dock/Wharf/Freight/Modal Terminal,13C-Intimidation,,,14-Anti-Asian,,1. F - 15 - A,,-,,1. F - 40 - W (Victim Was Stranger),,-
,,,,2022-05-05,,,7,Dock/Wharf/Freight/Modal Terminal,13C-Intimidation,,,14-Anti-Asian,,1. F - 15 - A,,-,,1. M - 40 - B (Victim Was Stranger),,-
,,,,2022-06-09,,,12,Church/Synagogue/Temple/Mosque,13C-Intimidation,,,12-Anti-Black or African American,,1. M - 61 - B,,-,,1. M - 0 - U (Victim Was Stranger),,-
,,,,2022-11-03,,,0,Grocery/Supermarket,13A-Aggravated Assault,,,"43-Anti-Lesbian, Gay, Bisexual, or Transgender (Mixed Group)",,1. M - 44 - B,,M-Apparent Minor Injury,,-,,30-Blunt Object
,,,,2022-12-29,,,17,Residence/Home,13A-Aggravated Assault,,,24-Anti-Islamic (Muslim),,1. F - 53 - B,,I-Possible Internal Injury,,1. F - 30 - B (Victim Was Stranger),,40-Personal Weapons
,,,,2022-01-15,,,0,Highway/Road/Alley/Street/Sidewalk,290-Destruction/Damage/Vandalism of Property,,,12-Anti-Black or African American,,1. M - 35 - B,,-,,-,,-
,,,,2022-05-31,,,0,Restaurant,13C-Intimidation,,,12-Anti-Black or African American,,1. M - 45 - B,,-,,1. U - 0 - W (Victim Was Stranger),,-
,,,,2022-06-15,,,0,Highway/Road/Alley/Street/Sidewalk,290-Destruction/Damage/Vandalism of Property,,,"15-Anti-Multiple Races, Group",,1. M - 37 - W,,-,,1. M - 28 - W (Victim Was Stranger),,-
,,,,2022-06-15,,,0,Highway/Road/Alley/Street/Sidewalk,290-Destruction/Damage/Vandalism of Property,,,"15-Anti-Multiple Races, Group",,2. M - 34 - W,,-,,1. M - 28 - W (Victim Was Stranger),,-
,,,,2022-06-15,,,0,Highway/Road/Alley/Street/Sidewalk,290-Destruction/Damage/Vandalism of Property,,,"15-Anti-Multiple Races, Group",,3. M - 52 - W,,-,,1. M - 28 - W (Victim Was Stranger),,-
,,,,2022-06-15,,,0,Highway/Road/Alley/Street/Sidewalk,290-Destruction/Damage/Vandalism of Property,,,"15-Anti-Multiple Races, Group",,4. M - 30 - W,,-,,1. M - 28 - W (Victim Was Stranger),,-
,,,,2022-06-16,,,0,Highway/Road/Alley/Street/Sidewalk,290-Destruction/Damage/Vandalism of Property,,,14-Anti-Asian,,1. M - 28 - W,,-,,-,,-
,,,,2022-06-27,,,23,Highway/Road/Alley/Street/Sidewalk,13C-Intimidation,,,12-Anti-Black or African American,,1. M - 43 - B,,-,,"1. M - 0 - W (Relationship Unknown)
2. M - 0 - W (Relationship Unknown)
3. M - 0 - W (Relationship Unknown)",,-
,,,,2022-12-06,,,17,Highway/Road/Alley/Street/Sidewalk,120-Robbery,,,21-Anti-Jewish,,1. M - 14 - W,,N-None,,1. M - 25 - B (Victim Was Stranger),,40-Personal Weapons
,,,,2022-12-06,,,17,Highway/Road/Alley/Street/Sidewalk,120-Robbery,,,21-Anti-Jewish,,2. M - 14 - W,,N-None,,1. M - 25 - B (Victim Was Stranger),,40-Personal Weapons
,,,,2022-02-09,,,7,Dock/Wharf/Freight/Modal Terminal,13B-Simple Assault,,,12-Anti-Black or African American,,1. F - 15 - B,,N-None,,1. F - 30 - W (Relationship Unknown),,40-Personal Weapons
,,,,2022-06-01,,,15,Highway/Road/Alley/Street/Sidewalk,13B-Simple Assault,,,11-Anti-White,,1. F - 54 - W,,M-Apparent Minor Injury,,1. F - 0 - B (Relationship Unknown),,40-Personal Weapons
,,,,2022-06-17,,,21,Other/Unknown,13B-Simple Assault,,,41-Anti-Gay (Male),,1. M - 27 - B,,M-Apparent Minor Injury,,1. M - 40 - W (Relationship Unknown),,40-Personal Weapons
,,,,2022-07-12,,,10,Highway/Road/Alley/Street/Sidewalk,13C-Intimidation,,,"43-Anti-Lesbian, Gay, Bisexual, or Transgender (Mixed Group)",,1. F - 34 - B,,-,,1. M - 0 - B (Victim Was Stranger),,-
,,,,2022-08-23,,,12,Residence/Home,13C-Intimidation,,,12-Anti-Black or African American,,1. F - 31 - B,,-,,1. M - 20 - W (Victim Was Stranger),,-
,,,,2022-09-13,,,10,Bank/Savings and Loan,13C-Intimidation,,,12-Anti-Black or African American,,1. F - 46 - A,,-,,1. M - 0 - U (Victim Was Stranger),,-
,,,,2022-10-07,,,20,Highway/Road/Alley/Street/Sidewalk,13B-Simple Assault,,,"43-Anti-Lesbian, Gay, Bisexual, or Transgender (Mixed Group)",,1. F - 34 - B,,M-Apparent Minor Injury,,"1. M - 16 - B (Victim Was Stranger)
2. M - 16 - B (Victim Was Stranger)",,40-Personal Weapons
,,,,2022-11-02,,,20,Highway/Road/Alley/Street/Sidewalk,13C-Intimidation,,,"43-Anti-Lesbian, Gay, Bisexual, or Transgender (Mixed Group)",,1. F - 00 - B,,-,,-,,-
,,,,2022-11-09,,,13,Community Center,13C-Intimidation,,,12-Anti-Black or African American,,1. U - 00 - U,,-,,-,,-
,,,,2022-11-19,,,19,Residence/Home,13C-Intimidation,,,12-Anti-Black or African American,,1. F - 32 - B,,-,,1. F - 0 - W (Victim Was Acquaintance),,-
,,,,2022-04-20,,,21,Highway/Road/Alley/Street/Sidewalk,13B-Simple Assault,,,41-Anti-Gay (Male),,1. F - 33 - B,,M-Apparent Minor Injury,,"1. M - 27 - B (Victim Was Sibling)
2. M - 27 - B (Victim Was Sibling)",,40-Personal Weapons
,,,,2022-06-22,,,16,Highway/Road/Alley/Street/Sidewalk,13B-Simple Assault,,,"43-Anti-Lesbian, Gay, Bisexual, or Transgender (Mixed Group)",,1. F - 20 - B,,M-Apparent Minor Injury,,"1. M - 26 - B (Relationship Unknown)
2. M - 26 - B (Relationship Unknown)",,40-Personal Weapons
,,,,2022-09-21,,,13,Highway/Road/Alley/Street/Sidewalk,13C-Intimidation,,,12-Anti-Black or African American,,1. F - 58 - B,,-,,1. M - 43 - W (Victim Was Neighbor),,-
,,,,2022-07-08,,,15,Air/Bus/Train Terminal,13C-Intimidation,,,12-Anti-Black or African American,,1. M - 48 - B,,-,,-,,-
,,,,2023-05-06,,,0,Parking/Drop Lot/Garage,13A-Aggravated Assault,,,12-Anti-Black or African American,,1. F - 28 - B,,N-None,,"1. M - 32 - W (Victim Was Stranger)
2. M - 28 - W (Victim Was Stranger)",,12-Handgun
,,,,2023-08-09,,,0,Drug Store/Doctor’s Office/Hospital,13C-Intimidation,,,21-Anti-Jewish,,1. M - 70 - W,,-,,1. M - 54 - W (Victim Was Otherwise Known),,-
,,,,2023-01-22,,,23,Drug Store/Doctor’s Office/Hospital,290-Destruction/Damage/Vandalism of Property,,,72-Anti-Gender Non-Conforming,,1. Business,,-,,-,,-
,,,,2023-08-20,,,15,Highway/Road/Alley/Street/Sidewalk,13A-Aggravated Assault,,,71-Anti-Transgender,,1. M - 26 - W,,N-None,,-,,90-Other
,,,,2023-07-29,,,8,Highway/Road/Alley/Street/Sidewalk,13C-Intimidation,,,11-Anti-White,,1. M - 39 - W,,-,,1. M - 46 - B (Victim Was Stranger),,-
,,,,2023-08-08,,,11,School–Elementary/Secondary,13C-Intimidation,,,22-Anti-Catholic,,1. F - 62 - W,,-,,-,,-
,,,,2023-08-23,,,11,Highway/Road/Alley/Street/Sidewalk,13C-Intimidation,,,12-Anti-Black or African American,,1. M - 31 - B,,-,,1. M - 0 - W (Relationship Unknown),,-
,,,,2023-10-08,,,13,Grocery/Supermarket,13B-Simple Assault,,,12-Anti-Black or African American,,1. F - 19 - W,,M-Apparent Minor Injury,,1. F - 47 - W (Relationship Unknown),,40-Personal Weapons
,,,,2023-10-08,,,13,Grocery/Supermarket,13B-Simple Assault,,,12-Anti-Black or African American,,2. M - 52 - B,,M-Apparent Minor Injury,,1. F - 47 - W (Relationship Unknown),,40-Personal Weapons
,,,,2023-10-17,,,23,Residence/Home,290-Destruction/Damage/Vandalism of Property,,,21-Anti-Jewish,,1. M - 54 - W,,-,,-,,-
,,,,2023-10-24,,,20,Residence/Home,13C-Intimidation,,,21-Anti-Jewish,,1. M - 15 - W,,-,,-,,-
,,,,2023-10-26,,,7,Highway/Road/Alley/Street/Sidewalk,13A-Aggravated Assault,,,32-Anti-Hispanic or Latino,,1. M - 20 - W,,N-None,,1. M - 28 - W (Victim Was Stranger),,20-Knife/Cutting Instrument
,,,,2023-10-26,,,7,Highway/Road/Alley/Street/Sidewalk,290-Destruction/Damage/Vandalism of Property,,,32-Anti-Hispanic or Latino,,2. M - 25 - W,,-,,1. M - 28 - W (Victim Was Stranger),,-
,,,,2023-11-19,,,22,Restaurant,13B-Simple Assault,,,32-Anti-Hispanic or Latino,,1. M - 53 - W,,M-Apparent Minor Injury,,1. M - 65 - W (Victim Was Employee),,40-Personal Weapons
,,,,2023-03-10,,,20,Highway/Road/Alley/Street/Sidewalk,13A-Aggravated Assault,,,12-Anti-Black or African American,,1. F - 34 - B,,M-Apparent Minor Injury,,1. M - 25 - W (Victim Was Stranger),,90-Other
,,,,2023-03-15,,,16,Highway/Road/Alley/Street/Sidewalk,13A-Aggravated Assault,,,12-Anti-Black or African American,,1. M - 38 - B,,N-None,,1. M - 59 - W (Victim Was Stranger),,12-Handgun
,,,,2023-08-10,,,7,Highway/Road/Alley/Street/Sidewalk,13C-Intimidation,,,12-Anti-Black or African American,,1. F - 44 - B,,-,,1. M - 36 - W (Victim Was Stranger),,-
,,,,2023-01-24,,,15,Highway/Road/Alley/Street/Sidewalk,13A-Aggravated Assault,,,"43-Anti-Lesbian, Gay, Bisexual, or Transgender (Mixed Group)",,1. M - 37 - B,,N-None,,1. M - 50 - B (Victim Was Stranger),,30-Blunt Object
,,,,2023-03-01,,,15,Highway/Road/Alley/Street/Sidewalk,13B-Simple Assault,,,11-Anti-White,,1. M - 27 - W,,M-Apparent Minor Injury,,1. M - 33 - B (Relationship Unknown),,40-Personal Weapons
,,,,2023-03-10,,,10,Government/Public Building,13C-Intimidation,,,42-Anti-Lesbian (Female),,1. F - 67 - W,,-,,1. M - 35 - B (Victim Was Otherwise Known),,-
,,,,2023-04-18,,,10,Church/Synagogue/Temple/Mosque,290-Destruction/Damage/Vandalism of Property,,,41-Anti-Gay (Male),,1. M - 45 - W,,-,,-,,-
,,,,2023-05-04,,,19,Restaurant,13C-Intimidation,,,14-Anti-Asian,,1. M - 20 - A,,-,,-,,-
,,,,2023-06-15,,,8,Highway/Road/Alley/Street/Sidewalk,13C-Intimidation,,,21-Anti-Jewish,,1. M - 28 - W,,-,,1. M - 42 - B (Victim Was Stranger),,-
,,,,2023-08-20,,,13,Church/Synagogue/Temple/Mosque,13C-Intimidation,,,22-Anti-Catholic,,1. F - 60 - W,,-,,-,,-
,,,,2023-10-02,,,11,Dock/Wharf/Freight/Modal Terminal,13A-Aggravated Assault,,,11-Anti-White,,1. M - 27 - W,,T-Loss of Teeth,,-,,40-Personal Weapons
,,,,2023-10-06,,,0,Highway/Road/Alley/Street/Sidewalk,290-Destruction/Damage/Vandalism of Property,,,21-Anti-Jewish,,1. M - 56 - W,,-,,-,,-
,,,,2023-10-29,,,10,Department/Discount Store,13B-Simple Assault,,,12-Anti-Black or African American,,1. F - 63 - B,,N-None,,1. F - 50 - W (Victim Was Stranger),,90-Other
,,,,2023-12-06,,,15,Shopping Mall,13A-Aggravated Assault,,,41-Anti-Gay (Male),,1. M - 41 - W,,N-None,,1. M - 52 - B (Victim Was Stranger),,90-Other
,,,,2023-01-27,,,13,School–Elementary/Secondary,13A-Aggravated Assault,,,14-Anti-Asian,,1. M - 16 - A,,O-Other Major Injury,,1. M - 16 - B (Relationship Unknown),,40-Personal Weapons
,,,,2023-10-15,,,15,Church/Synagogue/Temple/Mosque,290-Destruction/Damage/Vandalism of Property,,,21-Anti-Jewish,,1. Religious Organization,,-,,-,,-
,,,,2023-10-30,,,0,Church/Synagogue/Temple/Mosque,23H-All Other Larceny,,,21-Anti-Jewish,,1. Religious Organization,,-,,-,,-
,,,,2023-11-14,,,8,Church/Synagogue/Temple/Mosque,290-Destruction/Damage/Vandalism of Property,,,21-Anti-Jewish,,1. Business,,-,,-,,-
,,,,2023-12-13,,,10,Highway/Road/Alley/Street/Sidewalk,290-Destruction/Damage/Vandalism of Property,,,21-Anti-Jewish,,1. Business,,-,,-,,-
,,,,2023-11-06,,,15,Drug Store/Doctor’s Office/Hospital,13B-Simple Assault,,,32-Anti-Hispanic or Latino,,1. F - 33 - W,,N-None,,1. M - 68 - W (Relationship Unknown),,40-Personal Weapons
,,,,2023-01-07,,,20,Highway/Road/Alley/Street/Sidewalk,13C-Intimidation,,,"26-Anti-Multiple Religions, Group",,1. F - 37 - B,,-,,1. M - 65 - W (Victim Was Stranger),,-
,,,,2023-01-18,,,15,Park/Playground,13A-Aggravated Assault,,,11-Anti-White,,1. F - 70 - W,,N-None,,1. F - 0 - B (Relationship Unknown),,20-Knife/Cutting Instrument
,,,,2023-05-04,,,15,Highway/Road/Alley/Street/Sidewalk,13B-Simple Assault,,,"11-Anti-White
52-Anti-Mental Disability",,1. M - 39 - W,,M-Apparent Minor Injury,,1. F - 13 - B (Relationship Unknown),,40-Personal Weapons
,,,,2023-05-03,,,9,Residence/Home,13C-Intimidation,,,14-Anti-Asian,,1. M - 23 - A,,-,,-,,-
,,,,2023-05-03,,,9,Residence/Home,13C-Intimidation,,,14-Anti-Asian,,2. F - 55 - A,,-,,-,,-
,,,,2023-05-25,,,6,Dock/Wharf/Freight/Modal Terminal,13C-Intimidation,,,12-Anti-Black or African American,,1. M - 63 - B,,-,,1. F - 40 - W (Victim Was Stranger),,-
,,,,2023-11-06,,,0,Grocery/Supermarket,290-Destruction/Damage/Vandalism of Property,,,21-Anti-Jewish,,1. Business,,-,,-,,-
,,,,2023-12-04,,,9,Daycare Facility,13C-Intimidation,,,21-Anti-Jewish,,1. F - 37 - W,,-,,-,,-
,,,,2023-12-04,,,9,Daycare Facility,290-Destruction/Damage/Vandalism of Property,,,21-Anti-Jewish,,1. F - 37 - W,,-,,-,,-
,,,,2023-12-11,,,0,Highway/Road/Alley/Street/Sidewalk,13A-Aggravated Assault,,,21-Anti-Jewish,,1. F - 36 - W,,M-Apparent Minor Injury,,"1. M - 0 - U (Victim Was Stranger)
2. M - 0 - U (Victim Was Stranger)
3. M - 0 - U (Victim Was Stranger)",,95-Unknown
,,,,2023-10-30,,,0,Community Center,290-Destruction/Damage/Vandalism of Property,,,"12-Anti-Black or African American
21-Anti-Jewish",,1. Government,,-,,-,,-
,,,,2023-03-14,,,5,Residence/Home,13A-Aggravated Assault,,,"43-Anti-Lesbian, Gay, Bisexual, or Transgender (Mixed Group)",,1. F - 19 - B,,N-None,,1. M - 17 - B (Victim Was Otherwise Known),,12-Handgun
,,,,2023-03-14,,,5,Residence/Home,13A-Aggravated Assault,,,"43-Anti-Lesbian, Gay, Bisexual, or Transgender (Mixed Group)",,2. F - 21 - B,,N-None,,1. M - 17 - B (Victim Was Otherwise Known),,12-Handgun
,,,,2023-03-14,,,5,Residence/Home,13A-Aggravated Assault,,,"43-Anti-Lesbian, Gay, Bisexual, or Transgender (Mixed Group)",,3. F - 18 - B,,N-None,,1. M - 17 - B (Victim Was Otherwise Known),,12-Handgun
,,,,2023-03-14,,,5,Residence/Home,220-Burglary/Breaking and Entering,,,"43-Anti-Lesbian, Gay, Bisexual, or Transgender (Mixed Group)",,1. F - 19 - B,,N-None,,1. M - 17 - B (Victim Was Otherwise Known),,-
,,,,2023-03-14,,,5,Highway/Road/Alley/Street/Sidewalk,290-Destruction/Damage/Vandalism of Property,,,"43-Anti-Lesbian, Gay, Bisexual, or Transgender (Mixed Group)",,1. F - 19 - B,,N-None,,1. M - 17 - B (Victim Was Otherwise Known),,-
,,,,2023-04-20,,,12,School–Elementary/Secondary,13C-Intimidation,,,"43-Anti-Lesbian, Gay, Bisexual, or Transgender (Mixed Group)",,1. F - 13 - B,,-,,-,,-
,,,,2023-06-25,,,12,Highway/Road/Alley/Street/Sidewalk,120-Robbery,,,21-Anti-Jewish,,1. F - 47 - W,,N-None,,1. M - 32 - B (Relationship Unknown),,20-Knife/Cutting Instrument
,,,,2023-09-06,,,10,Highway/Road/Alley/Street/Sidewalk,290-Destruction/Damage/Vandalism of Property,,,12-Anti-Black or African American,,1. Government,,-,,-,,-
,,,,2023-01-13,,,8,Highway/Road/Alley/Street/Sidewalk,13C-Intimidation,,,24-Anti-Islamic (Muslim),,1. M - 33 - B,,-,,1. M - 23 - W (Victim Was Acquaintance),,-
,,,,2023-01-21,,,13,Residence/Home,13A-Aggravated Assault,,,12-Anti-Black or African American,,1. F - 25 - B,,M-Apparent Minor Injury,,1. F - 73 - W (Victim Was Neighbor),,90-Other
,,,,2023-02-09,,,16,School–Elementary/Secondary,13C-Intimidation,,,11-Anti-White,,1. F - 44 - W,,-,,-,,-
,,,,2023-06-03,,,9,Other/Unknown,13A-Aggravated Assault,,,12-Anti-Black or African American,,1. M - 38 - B,,N-None,,1. M - 45 - W (Victim Was Stranger),,20-Knife/Cutting Instrument
,,,,2023-11-29,,,7,Highway/Road/Alley/Street/Sidewalk,13C-Intimidation,,,32-Anti-Hispanic or Latino,,1. M - 49 - W,,-,,1. M - 50 - W (Victim Was Neighbor),,-
,,,,2023-12-06,,,8,Convenience Store,290-Destruction/Damage/Vandalism of Property,,,31-Anti-Arab,,1. Business,,-,,-,,-
,,,,2023-01-17,,,16,Highway/Road/Alley/Street/Sidewalk,13C-Intimidation,,,11-Anti-White,,1. M - 49 - W,,-,,-,,-
,,,,2023-05-11,,,17,Dock/Wharf/Freight/Modal Terminal,13B-Simple Assault,,,11-Anti-White,,1. M - 40 - W,,N-None,,-,,40-Personal Weapons
,,,,2023-04-23,,,19,Residence/Home,13C-Intimidation,,,41-Anti-Gay (Male),,1. M - 33 - W,,-,,1. M - 32 - W (Victim Was Otherwise Known),,-
,,,,2023-05-12,,,20,Highway/Road/Alley/Street/Sidewalk,290-Destruction/Damage/Vandalism of Property,,,"43-Anti-Lesbian, Gay, Bisexual, or Transgender (Mixed Group)",,1. F - 30 - B,,-,,"1. F - 23 - B (Victim Was Otherwise Known)
3. F - 33 - B (Victim Was Otherwise Known)
4. F - 31 - B (Victim Was Otherwise Known)
5. F - 32 - B (Victim Was Otherwise Known)",,-
,,,,2023-06-03,,,21,Residence/Home,13C-Intimidation,,,41-Anti-Gay (Male),,1. M - 46 - W,,-,,-,,-
,,,,2023-08-31,,,0,Highway/Road/Alley/Street/Sidewalk,13C-Intimidation,,,41-Anti-Gay (Male),,1. M - 36 - B,,-,,-,,-
,,,,2023-10-19,,,9,Church/Synagogue/Temple/Mosque,290-Destruction/Damage/Vandalism of Property,,,24-Anti-Islamic (Muslim),,1. Business,,-,,-,,-
,,,,2023-10-31,,,23,Highway/Road/Alley/Street/Sidewalk,120-Robbery,,,11-Anti-White,,1. M - 39 - W,,N-None,,"1. M - 34 - B (Victim Was Stranger)
2. M - 34 - B (Victim Was Stranger)
3. F - 34 - B (Victim Was Stranger)",,12-Handgun
,,,,2023-11-13,,,14,Drug Store/Doctor’s Office/Hospital,13C-Intimidation,,,21-Anti-Jewish,,1. F - 33 - W,,-,,1. M - 63 - W (Victim Was Otherwise Known),,-
,,,,2023-12-30,,,0,Highway/Road/Alley/Street/Sidewalk,13C-Intimidation,,,11-Anti-White,,1. F - 27 - W,,-,,1. M - 0 - B (Victim Was Neighbor),,-
,,,,2023-03-17,,,13,Drug Store/Doctor’s Office/Hospital,13C-Intimidation,,,"15-Anti-Multiple Races, Group",,1. M - 37 - W,,-,,1. M - 22 - U (Victim Was Acquaintance),,-
,,,,2023-03-17,,,13,Drug Store/Doctor’s Office/Hospital,13C-Intimidation,,,"15-Anti-Multiple Races, Group",,2. M - 50 - B,,-,,1. M - 22 - U (Victim Was Acquaintance),,-
,,,,2023-09-13,,,18,School–College/University,290-Destruction/Damage/Vandalism of Property,,,"15-Anti-Multiple Races, Group",,1. Business,,-,,-,,-
,,,,2023-10-11,,,19,Other/Unknown,13B-Simple Assault,,,41-Anti-Gay (Male),,1. M - 31 - B,,M-Apparent Minor Injury,,"1. M - 0 - B (Victim Was Stranger)
2. M - 0 - B (Victim Was Stranger)",,40-Personal Weapons
,,,,2023-10-21,,,0,Residence/Home,290-Destruction/Damage/Vandalism of Property,,,21-Anti-Jewish,,1. Business,,-,,-,,-
,,,,2023-10-28,,,0,School–College/University,23H-All Other Larceny,,,21-Anti-Jewish,,1. F - 22 - W,,-,,1. F - 20 - W (Victim Was Stranger),,-
,,,,2023-11-06,,,7,School–College/University,13C-Intimidation,,,21-Anti-Jewish,,1. F - 56 - B,,-,,-,,-
,,,,2023-11-06,,,3,School–College/University,13C-Intimidation,,,21-Anti-Jewish,,1. F - 21 - B,,-,,-,,-
,,,,2023-11-06,,,3,School–College/University,13C-Intimidation,,,21-Anti-Jewish,,1. F - 29 - B,,-,,-,,-
,,,,2023-11-06,,,3,School–College/University,13C-Intimidation,,,21-Anti-Jewish,,1. M - 31 - W,,-,,-,,-
,,,,2023-11-06,,,3,School–College/University,13C-Intimidation,,,21-Anti-Jewish,,1. F - 31 - W,,-,,-,,-
,,,,2023-10-28,,,12,School–College/University,13C-Intimidation,,,25-Anti-Other Religion,,1. F - 20 - W,,-,,1. M - 46 - W (Victim Was Stranger),,-
,,,,2023-11-13,,,17,School–College/University,13C-Intimidation,,,21-Anti-Jewish,,1. M - 55 - B,,-,,-,,-
,,,,2023-12-12,,,1,School–College/University,13C-Intimidation,,,21-Anti-Jewish,,1. M - 46 - W,,-,,-,,-
,,,,2023-12-14,,,18,Other/Unknown,290-Destruction/Damage/Vandalism of Property,,,21-Anti-Jewish,,1. Business,,-,,-,,-
,,,,2023-01-06,,,23,Residence/Home,13A-Aggravated Assault,,,41-Anti-Gay (Male),,1. M - 17 - B,,N-None,,1. F - 31 - B (Victim Was Child),,20-Knife/Cutting Instrument
,,,,2023-02-24,,,16,Highway/Road/Alley/Street/Sidewalk,13C-Intimidation,,,21-Anti-Jewish,,1. F - 44 - W,,-,,-,,-
,,,,2023-05-24,,,16,Highway/Road/Alley/Street/Sidewalk,13A-Aggravated Assault,,,12-Anti-Black or African American,,1. F - 55 - B,,N-None,,1. M - 57 - W (Victim Was Neighbor),,90-Other
,,,,2023-08-30,,,14,Service/Gas Station,13C-Intimidation,,,12-Anti-Black or African American,,1. F - 36 - B,,-,,1. M - 30 - B (Relationship Unknown),,-
,,,,2023-03-01,,,19,Highway/Road/Alley/Street/Sidewalk,13B-Simple Assault,,,14-Anti-Asian,,1. M - 28 - A,,N-None,,1. M - 0 - W (Victim Was Stranger),,40-Personal Weapons
,,,,2023-05-13,,,22,Residence/Home,13C-Intimidation,,,12-Anti-Black or African American,,1. M - 25 - B,,-,,-,,-
,,,,2023-06-10,,,0,Residence/Home,13A-Aggravated Assault,,,11-Anti-White,,1. F - 35 - W,,"L-Severe Laceration
U-Unconsciousness
I-Possible Internal Injury
B-Apparent Broken Bones",,1. M - 36 - B (Relationship Unknown),,20-Knife/Cutting Instrument
,,,,2023-06-10,,,0,Residence/Home,13A-Aggravated Assault,,,11-Anti-White,,2. M - 22 - B,,L-Severe Laceration,,1. M - 36 - B (Victim Was Otherwise Known),,20-Knife/Cutting Instrument
,,,,2023-07-22,,,18,Residence/Home,11D-Fondling,,,11-Anti-White,,1. F - 34 - B,,N-None,,1. M - 46 - B (Victim was Ex-Relationship (Ex-Boyfriend/Ex-Girlfriend)),,40-Personal Weapons
,,,,2023-11-10,,,17,Other/Unknown,13B-Simple Assault,,,32-Anti-Hispanic or Latino,,1. F - 46 - W,,M-Apparent Minor Injury,,1. F - 0 - B (Victim Was Stranger),,40-Personal Weapons
,,,,2023-07-05,,,1,Highway/Road/Alley/Street/Sidewalk,13A-Aggravated Assault,,,71-Anti-Transgender,,1. M - 49 - B,,O-Other Major Injury,,-,,12-Handgun
,,,,2023-08-15,,,17,Residence/Home,13C-Intimidation,,,"43-Anti-Lesbian, Gay, Bisexual, or Transgender (Mixed Group)",,1. F - 43 - W,,-,,-,,-
,,,,2023-08-23,,,12,Residence/Home,13C-Intimidation,,,25-Anti-Other Religion,,1. F - 56 - W,,-,,-,,-
,,,,2023-10-03,,,21,Highway/Road/Alley/Street/Sidewalk,13A-Aggravated Assault,,,12-Anti-Black or African American,,2. M - 43 - B,,N-None,,-,,11-Firearm
,,,,2023-11-04,,,20,Highway/Road/Alley/Street/Sidewalk,120-Robbery,,,11-Anti-White,,1. M - 28 - W,,N-None,,1. M - 16 - B (Victim Was Stranger),,95-Unknown
,,,,2023-02-09,,,8,School–Elementary/Secondary,290-Destruction/Damage/Vandalism of Property,,,12-Anti-Black or African American,,1. Business,,-,,-,,-
,,,,2023-03-11,,,3,Highway/Road/Alley/Street/Sidewalk,13C-Intimidation,,,24-Anti-Islamic (Muslim),,1. F - 35 - W,,-,,1. M - 30 - W (Victim Was Acquaintance),,-
,,,,2023-04-21,,,21,Highway/Road/Alley/Street/Sidewalk,13A-Aggravated Assault,,,24-Anti-Islamic (Muslim),,1. M - 31 - A,,N-None,,-,,12-Handgun
,,,,2023-04-21,,,21,Highway/Road/Alley/Street/Sidewalk,290-Destruction/Damage/Vandalism of Property,,,24-Anti-Islamic (Muslim),,1. M - 31 - A,,N-None,,-,,-
,,,,2023-11-20,,,15,School–Elementary/Secondary,13C-Intimidation,,,21-Anti-Jewish,,1. F - 35 - W,,-,,1. U - 0 - U (Relationship Unknown),,-
,,,,2023-07-09,,,10,Dock/Wharf/Freight/Modal Terminal,13C-Intimidation,,,11-Anti-White,,1. M - 43 - W,,-,,-,,-
,,,,2023-08-01,,,21,Highway/Road/Alley/Street/Sidewalk,13C-Intimidation,,,11-Anti-White,,1. F - 39 - W,,-,,-,,-
,,,,2023-08-01,,,21,Highway/Road/Alley/Street/Sidewalk,13C-Intimidation,,,11-Anti-White,,2. F - 40 - W,,-,,-,,-
,,,,2023-11-06,,,14,School–Elementary/Secondary,13B-Simple Assault,,,11-Anti-White,,1. M - 14 - W,,M-Apparent Minor Injury,,1. M - 12 - B (Victim Was Otherwise Known),,40-Personal Weapons
,,,,2023-11-20,,,10,Residence/Home,13C-Intimidation,,,21-Anti-Jewish,,1. F - 33 - W,,-,,1. U - 0 - U (Relationship Unknown),,-
,,,,2023-09-04,,,21,Residence/Home,13A-Aggravated Assault,,,41-Anti-Gay (Male),,1. M - 14 - B,,M-Apparent Minor Injury,,1. F - 35 - B (Victim Was Child),,30-Blunt Object
,,,,2023-10-16,,,15,School–Elementary/Secondary,290-Destruction/Damage/Vandalism of Property,,,11-Anti-White,,1. M - 36 - W,,-,,-,,-
,,,,2023-12-22,,,1,Residence/Home,13C-Intimidation,,,12-Anti-Black or African American,,1. F - 41 - B,,-,,-,,-
,,,,2023-12-22,,,1,Residence/Home,290-Destruction/Damage/Vandalism of Property,,,12-Anti-Black or African American,,1. F - 41 - B,,-,,-,,-
,,,,2023-06-09,,,5,Highway/Road/Alley/Street/Sidewalk,13C-Intimidation,,,"43-Anti-Lesbian, Gay, Bisexual, or Transgender (Mixed Group)",,1. F - 53 - W,,-,,"1. F - 78 - W (Victim Was Child)
2. M - 41 - W (Victim Was Sibling)",,-
,,,,2023-03-09,,,23,Air/Bus/Train Terminal,13B-Simple Assault,,,12-Anti-Black or African American,,1. M - 58 - B,,N-None,,1. M - 48 - W (Victim Was Stranger),,40-Personal Weapons
,,,,2023-03-09,,,23,Air/Bus/Train Terminal,13B-Simple Assault,,,12-Anti-Black or African American,,2. F - 28 - B,,N-None,,1. M - 48 - W (Victim Was Stranger),,40-Personal Weapons
,,,,2024-02-08,,,11,Grocery/Supermarket,13A-Aggravated Assault,,,41-Anti-Gay (Male),,1. M - 35 - B,,N-None,,1. F - 20 - B (Victim Was Stranger),,90-Other
,,,,2024-02-10,,,14,Highway/Road/Alley/Street/Sidewalk,13C-Intimidation,,,12-Anti-Black or African American,,1. M - 38 - B,,-,,1. M - 0 - W (Relationship Unknown),,-
,,,,2024-05-09,,,22,Highway/Road/Alley/Street/Sidewalk,13C-Intimidation,,,14-Anti-Asian,,2. F - 32 - A,,-,,"1. F - 72 - B (Victim Was Otherwise Known)
2. M - 31 - B (Victim Was Stranger)
3. F - 27 - A (Relationship Unknown)",,-
,,,,2024-06-15,,,12,Grocery/Supermarket,290-Destruction/Damage/Vandalism of Property,,,21-Anti-Jewish,,1. Business,,-,,-,,-
,,,,2024-09-05,,,14,Highway/Road/Alley/Street/Sidewalk,13C-Intimidation,,,21-Anti-Jewish,,1. F - 40 - W,,-,,1. F - 40 - B (Victim Was Stranger),,-
,,,,2024-02-16,,,1,Residence/Home,13C-Intimidation,,,11-Anti-White,,1. M - 28 - W,,-,,1. F - 22 - B (Relationship Unknown),,-
,,,,2024-03-22,,,13,Highway/Road/Alley/Street/Sidewalk,13B-Simple Assault,,,32-Anti-Hispanic or Latino,,1. M - 30 - W,,N-None,,1. M - 72 - W (Victim Was Neighbor),,40-Personal Weapons
,,,,2024-04-09,,,9,Church/Synagogue/Temple/Mosque,13C-Intimidation,,,21-Anti-Jewish,,1. M - 50 - W,,-,,-,,-
,,,,2024-08-01,,,12,Highway/Road/Alley/Street/Sidewalk,13C-Intimidation,,,31-Anti-Arab,,1. F - 44 - W,,-,,1. F - 50 - B (Victim Was Neighbor),,-
,,,,2024-08-01,,,12,Highway/Road/Alley/Street/Sidewalk,13C-Intimidation,,,31-Anti-Arab,,2. M - 48 - W,,-,,1. F - 50 - B (Victim Was Neighbor),,-
,,,,2024-11-14,,,10,Department/Discount Store,13B-Simple Assault,,,"43-Anti-Lesbian, Gay, Bisexual, or Transgender (Mixed Group)",,1. M - 40 - B,,N-None,,"1. F - 0 - B (Relationship Unknown)
2. F - 0 - B (Relationship Unknown)",,40-Personal Weapons
,,,,2024-11-21,,,10,Residence/Home,13B-Simple Assault,,,"43-Anti-Lesbian, Gay, Bisexual, or Transgender (Mixed Group)",,1. M - 27 - W,,M-Apparent Minor Injury,,1. M - 65 - W (Victim Was Child),,40-Personal Weapons
,,,,2023-12-28,,,12,Residence/Home,13C-Intimidation,,,12-Anti-Black or African American,,1. F - 21 - B,,-,,1. F - 59 - W (Relationship Unknown),,-
,,,,2024-04-04,,,15,Government/Public Building,13C-Intimidation,,,12-Anti-Black or African American,,1. F - 22 - B,,-,,1. M - 36 - W (Victim Was Stranger),,-
,,,,2024-01-07,,,16,Bar/Nightclub,13C-Intimidation,,,"43-Anti-Lesbian, Gay, Bisexual, or Transgender (Mixed Group)",,1. M - 37 - W,,-,,-,,-
,,,,2024-01-14,,,1,Hotel/Motel/Etc.,13B-Simple Assault,,,31-Anti-Arab,,1. M - 35 - A,,N-None,,1. M - 0 - W (Victim Was Stranger),,90-Other
,,,,2024-02-25,,,2,Other/Unknown,13A-Aggravated Assault,,,31-Anti-Arab,,1. M - 22 - A,,M-Apparent Minor Injury,,1. M - 32 - U (Relationship Unknown),,12-Handgun
,,,,2024-02-25,,,2,Other/Unknown,13A-Aggravated Assault,,,31-Anti-Arab,,2. M - 18 - A,,N-None,,1. M - 32 - U (Relationship Unknown),,12-Handgun
,,,,2024-02-24,,,14,Residence/Home,13C-Intimidation,,,21-Anti-Jewish,,1. M - 50 - W,,-,,-,,-
,,,,2024-03-07,,,11,Other/Unknown,13C-Intimidation,,,"43-Anti-Lesbian, Gay, Bisexual, or Transgender (Mixed Group)",,1. M - 40 - W,,-,,1. U - 0 - U (Relationship Unknown),,-
,,,,2024-03-31,,,0,Church/Synagogue/Temple/Mosque,290-Destruction/Damage/Vandalism of Property,,,22-Anti-Catholic,,1. Religious Organization,,-,,-,,-
,,,,2024-04-08,,,10,Government/Public Building,13C-Intimidation,,,21-Anti-Jewish,,1. M - 62 - W,,-,,1. U - 0 - U (Relationship Unknown),,-
,,,,2024-04-13,,,7,Church/Synagogue/Temple/Mosque,13C-Intimidation,,,21-Anti-Jewish,,1. U - 00 - U,,-,,-,,-
,,,,2024-04-13,,,7,Church/Synagogue/Temple/Mosque,13C-Intimidation,,,21-Anti-Jewish,,2. F - 40 - W,,-,,-,,-
,,,,2024-02-01,,,0,Specialty Store,290-Destruction/Damage/Vandalism of Property,,,21-Anti-Jewish,,1. Business,,-,,-,,-
,,,,2024-02-06,,,0,Other/Unknown,290-Destruction/Damage/Vandalism of Property,,,21-Anti-Jewish,,1. M - 41 - W,,-,,1. M - 36 - W (Relationship Unknown),,-
,,,,2024-10-09,,,15,Highway/Road/Alley/Street/Sidewalk,13C-Intimidation,,,21-Anti-Jewish,,1. M - 47 - W,,-,,1. M - 20 - W (Relationship Unknown),,-
,,,,2024-10-10,,,20,Parking/Drop Lot/Garage,13C-Intimidation,,,21-Anti-Jewish,,1. F - 57 - W,,-,,1. F - 36 - W (Victim Was Otherwise Known),,-
,,,,2024-11-24,,,12,Church/Synagogue/Temple/Mosque,13C-Intimidation,,,21-Anti-Jewish,,1. M - 50 - W,,-,,1. M - 35 - B (Relationship Unknown),,-
,,,,2024-01-15,,,19,Highway/Road/Alley/Street/Sidewalk,13C-Intimidation,,,12-Anti-Black or African American,,1. M - 29 - B,,-,,-,,-
,,,,2024-07-18,,,11,Residence/Home,13C-Intimidation,,,32-Anti-Hispanic or Latino,,1. F - 35 - W,,-,,"1. F - 0 - W (Victim Was Acquaintance)
2. M - 0 - W (Victim Was Acquaintance)",,-
,,,,2024-10-03,,,23,Residence/Home,13C-Intimidation,,,31-Anti-Arab,,1. M - 29 - A,,-,,1. M - 40 - W (Victim Was Stranger),,-
,,,,2024-01-12,,,13,School–Elementary/Secondary,13B-Simple Assault,,,41-Anti-Gay (Male),,1. M - 15 - B,,M-Apparent Minor Injury,,1. M - 15 - B (Victim Was Stranger),,40-Personal Weapons
,,,,2024-01-14,,,1,Commercial/Office Building,290-Destruction/Damage/Vandalism of Property,,,21-Anti-Jewish,,1. Business,,-,,-,,-
,,,,2024-02-20,,,14,Highway/Road/Alley/Street/Sidewalk,13B-Simple Assault,,,41-Anti-Gay (Male),,1. M - 25 - W,,N-None,,1. M - 44 - W (Victim Was Stranger),,40-Personal Weapons
,,,,2024-02-24,,,0,Highway/Road/Alley/Street/Sidewalk,290-Destruction/Damage/Vandalism of Property,,,13-Anti-American Indian or Alaska Native,,2. F - 30 - W,,-,,-,,-
,,,,2024-01-20,,,12,Highway/Road/Alley/Street/Sidewalk,290-Destruction/Damage/Vandalism of Property,,,21-Anti-Jewish,,1. Other,,-,,-,,-
,,,,2024-03-24,,,18,Church/Synagogue/Temple/Mosque,290-Destruction/Damage/Vandalism of Property,,,21-Anti-Jewish,,1. Religious Organization,,-,,-,,-
,,,,2024-04-24,,,9,Government/Public Building,13C-Intimidation,,,12-Anti-Black or African American,,1. M - 65 - W,,-,,1. M - 42 - W (Victim Was Otherwise Known),,-
,,,,2024-04-24,,,9,Government/Public Building,13C-Intimidation,,,12-Anti-Black or African American,,2. F - 00 - B,,-,,1. M - 42 - W (Victim Was Otherwise Known),,-
,,,,2024-06-02,,,2,Highway/Road/Alley/Street/Sidewalk,290-Destruction/Damage/Vandalism of Property,,,21-Anti-Jewish,,1. Government,,-,,-,,-
,,,,2024-06-27,,,9,Church/Synagogue/Temple/Mosque,13C-Intimidation,,,21-Anti-Jewish,,1. U - 30 - U,,-,,1. U - 30 - U (Victim Was Stranger),,-
,,,,2024-07-01,,,20,Dock/Wharf/Freight/Modal Terminal,13B-Simple Assault,,,71-Anti-Transgender,,1. M - 26 - W,,M-Apparent Minor Injury,,1. M - 25 - B (Victim Was Otherwise Known),,40-Personal Weapons
,,,,2024-06-13,,,11,Other/Unknown,13C-Intimidation,,,"12-Anti-Black or African American
21-Anti-Jewish",,1. F - 54 - B,,-,,-,,-
,,,,2024-08-10,,,0,Highway/Road/Alley/Street/Sidewalk,13B-Simple Assault,,,41-Anti-Gay (Male),,1. M - 27 - W,,M-Apparent Minor Injury,,1. M - 38 - W (Victim Was Stranger),,40-Personal Weapons
,,,,2024-08-16,,,2,Highway/Road/Alley/Street/Sidewalk,290-Destruction/Damage/Vandalism of Property,,,41-Anti-Gay (Male),,1. M - 49 - W,,M-Apparent Minor Injury,,1. M - 49 - W (Victim Was Acquaintance),,-
,,,,2024-09-01,,,16,Highway/Road/Alley/Street/Sidewalk,13A-Aggravated Assault,,,32-Anti-Hispanic or Latino,,1. M - 40 - W,,L-Severe Laceration,,1. M - 34 - A (Victim Was Stranger),,20-Knife/Cutting Instrument
,,,,2024-09-06,,,9,School–Elementary/Secondary,13C-Intimidation,,,11-Anti-White,,1. F - 14 - B,,-,,1. M - 14 - B (Victim Was Otherwise Known),,-
,,,,2024-09-14,,,16,Highway/Road/Alley/Street/Sidewalk,13B-Simple Assault,,,11-Anti-White,,1. M - 85 - W,,M-Apparent Minor Injury,,1. F - 40 - B (Victim Was Stranger),,40-Personal Weapons
,,,,2024-09-14,,,17,Highway/Road/Alley/Street/Sidewalk,13B-Simple Assault,,,11-Anti-White,,1. F - 36 - W,,M-Apparent Minor Injury,,1. F - 40 - B (Victim Was Stranger),,40-Personal Weapons
,,,,2024-09-14,,,17,Highway/Road/Alley/Street/Sidewalk,13B-Simple Assault,,,11-Anti-White,,2. M - 36 - W,,N-None,,1. F - 40 - B (Victim Was Stranger),,40-Personal Weapons
,,,,2024-09-14,,,16,Highway/Road/Alley/Street/Sidewalk,13B-Simple Assault,,,11-Anti-White,,1. F - 31 - W,,M-Apparent Minor Injury,,1. F - 40 - B (Victim Was Stranger),,40-Personal Weapons
,,,,2024-09-14,,,16,Highway/Road/Alley/Street/Sidewalk,13B-Simple Assault,,,11-Anti-White,,2. F - 30 - W,,M-Apparent Minor Injury,,1. F - 40 - B (Victim Was Stranger),,40-Personal Weapons
,,,,2024-09-14,,,16,Highway/Road/Alley/Street/Sidewalk,13B-Simple Assault,,,11-Anti-White,,3. M - 55 - W,,M-Apparent Minor Injury,,1. F - 40 - B (Victim Was Stranger),,40-Personal Weapons
,,,,2024-09-14,,,16,Highway/Road/Alley/Street/Sidewalk,13B-Simple Assault,,,11-Anti-White,,4. F - 16 - W,,M-Apparent Minor Injury,,1. F - 40 - B (Victim Was Stranger),,40-Personal Weapons
,,,,2024-10-15,,,20,Highway/Road/Alley/Street/Sidewalk,13B-Simple Assault,,,12-Anti-Black or African American,,1. F - 18 - B,,N-None,,1. M - 54 - W (Victim Was Stranger),,90-Other
,,,,2024-11-20,,,5,Drug Store/Doctor’s Office/Hospital,13B-Simple Assault,,,12-Anti-Black or African American,,1. M - 36 - B,,N-None,,1. F - 43 - W (Victim Was Otherwise Known),,40-Personal Weapons
,,,,2024-12-08,,,17,Residence/Home,290-Destruction/Damage/Vandalism of Property,,,21-Anti-Jewish,,1. Business,,-,,-,,-
,,,,2024-01-12,,,10,Hotel/Motel/Etc.,290-Destruction/Damage/Vandalism of Property,,,84-Anti-Hindu,,1. Business,,-,,-,,-
,,,,2024-06-25,,,16,Highway/Road/Alley/Street/Sidewalk,13A-Aggravated Assault,,,33-Anti-Other Race/Ethnicity/Ancestry,,1. F - 59 - B,,U-Unconsciousness,,1. F - 0 - B (Victim Was Neighbor),,40-Personal Weapons
,,,,2024-04-09,,,8,Church/Synagogue/Temple/Mosque,13C-Intimidation,,,21-Anti-Jewish,,1. F - 46 - W,,-,,-,,-
,,,,2024-05-29,,,7,Highway/Road/Alley/Street/Sidewalk,13A-Aggravated Assault,,,32-Anti-Hispanic or Latino,,1. M - 34 - B,,"I-Possible Internal Injury
O-Other Major Injury",,1. F - 50 - B (Relationship Unknown),,90-Other
,,,,2024-06-03,,,15,Highway/Road/Alley/Street/Sidewalk,290-Destruction/Damage/Vandalism of Property,,,21-Anti-Jewish,,1. M - 36 - W,,-,,-,,-
,,,,2024-06-12,,,6,Residence/Home,13C-Intimidation,,,21-Anti-Jewish,,1. F - 38 - W,,-,,-,,-
,,,,2024-06-30,,,14,Highway/Road/Alley/Street/Sidewalk,13C-Intimidation,,,41-Anti-Gay (Male),,1. M - 39 - B,,-,,1. M - 42 - B (Victim Was Neighbor),,-
,,,,2024-10-22,,,20,Highway/Road/Alley/Street/Sidewalk,13C-Intimidation,,,12-Anti-Black or African American,,1. F - 59 - B,,-,,1. F - 0 - B (Victim Was Neighbor),,-
,,,,2024-05-09,,,22,Highway/Road/Alley/Street/Sidewalk,13C-Intimidation,,,"43-Anti-Lesbian, Gay, Bisexual, or Transgender (Mixed Group)",,2. M - 30 - W,,-,,-,,-
,,,,2024-05-14,,,23,School–Elementary/Secondary,13C-Intimidation,,,12-Anti-Black or African American,,1. U - 99 - U,,-,,1. M - 37 - W (Relationship Unknown),,-
,,,,2024-05-24,,,22,Highway/Road/Alley/Street/Sidewalk,13A-Aggravated Assault,,,12-Anti-Black or African American,,1. F - 43 - B,,N-None,,1. M - 43 - W (Victim Was Neighbor),,"13-Rifle
90-Other"
,,,,2024-05-24,,,22,Highway/Road/Alley/Street/Sidewalk,13A-Aggravated Assault,,,12-Anti-Black or African American,,2. F - 27 - B,,N-None,,1. M - 43 - W (Victim Was Neighbor),,"13-Rifle
90-Other"
,,,,2024-05-24,,,22,Highway/Road/Alley/Street/Sidewalk,13A-Aggravated Assault,,,12-Anti-Black or African American,,3. F - 26 - B,,N-None,,1. M - 43 - W (Victim Was Neighbor),,"13-Rifle
90-Other"
,,,,2024-06-30,,,4,Highway/Road/Alley/Street/Sidewalk,290-Destruction/Damage/Vandalism of Property,,,33-Anti-Other Race/Ethnicity/Ancestry,,1. F - 26 - W,,-,,-,,-
,,,,2024-06-30,,,4,Highway/Road/Alley/Street/Sidewalk,290-Destruction/Damage/Vandalism of Property,,,33-Anti-Other Race/Ethnicity/Ancestry,,2. M - 34 - W,,-,,-,,-
,,,,2024-08-22,,,23,Residence/Home,290-Destruction/Damage/Vandalism of Property,,,12-Anti-Black or African American,,1. F - 43 - B,,N-None,,"1. M - 52 - W (Victim Was Neighbor)
2. M - 63 - W (Victim Was Neighbor)",,-
,,,,2024-08-22,,,23,Residence/Home,290-Destruction/Damage/Vandalism of Property,,,12-Anti-Black or African American,,2. F - 13 - B,,N-None,,"1. M - 52 - W (Victim Was Neighbor)
2. M - 63 - W (Victim Was Neighbor)",,-
,,,,2024-08-22,,,23,Residence/Home,290-Destruction/Damage/Vandalism of Property,,,12-Anti-Black or African American,,3. M - 11 - B,,N-None,,"1. M - 52 - W (Victim Was Neighbor)
2. M - 63 - W (Victim Was Neighbor)",,-
,,,,2024-09-15,,,18,Highway/Road/Alley/Street/Sidewalk,13A-Aggravated Assault,,,14-Anti-Asian,,1. M - 12 - A,,"M-Apparent Minor Injury
I-Possible Internal Injury",,1. M - 14 - B (Victim Was Stranger),,40-Personal Weapons
,,,,2024-10-22,,,10,School–Elementary/Secondary,13A-Aggravated Assault,,,"43-Anti-Lesbian, Gay, Bisexual, or Transgender (Mixed Group)",,1. M - 12 - W,,B-Apparent Broken Bones,,1. M - 12 - B (Victim Was Otherwise Known),,40-Personal Weapons
,,,,2024-03-31,,,8,Air/Bus/Train Terminal,290-Destruction/Damage/Vandalism of Property,,,12-Anti-Black or African American,,1. Business,,-,,-,,-
,,,,2024-04-10,,,17,Highway/Road/Alley/Street/Sidewalk,290-Destruction/Damage/Vandalism of Property,,,21-Anti-Jewish,,1. M - 23 - W,,-,,-,,-
,,,,2024-12-11,,,8,Highway/Road/Alley/Street/Sidewalk,13C-Intimidation,,,"12-Anti-Black or African American
21-Anti-Jewish",,1. M - 35 - W,,-,,1. F - 0 - U (Victim Was Stranger),,-
,,,,2024-12-11,,,8,Highway/Road/Alley/Street/Sidewalk,13C-Intimidation,,,"12-Anti-Black or African American
21-Anti-Jewish",,2. U - 00 - U,,-,,1. F - 0 - U (Victim Was Stranger),,-
,,,,2024-01-07,,,16,Residence/Home,290-Destruction/Damage/Vandalism of Property,,,21-Anti-Jewish,,1. M - 39 - W,,-,,-,,-
,,,,2024-08-15,,,14,Commercial/Office Building,220-Burglary/Breaking and Entering,,,12-Anti-Black or African American,,1. Business,,-,,-,,-
,,,,2024-08-29,,,11,Highway/Road/Alley/Street/Sidewalk,13A-Aggravated Assault,,,14-Anti-Asian,,1. M - 27 - A,,N-None,,1. M - 60 - B (Victim Was Stranger),,20-Knife/Cutting Instrument
,,,,2024-01-11,,,0,Parking/Drop Lot/Garage,290-Destruction/Damage/Vandalism of Property,,,"21-Anti-Jewish
43-Anti-Lesbian, Gay, Bisexual, or Transgender (Mixed Group)",,1. M - 73 - W,,-,,-,,-
,,,,2024-03-02,,,21,Residence/Home,290-Destruction/Damage/Vandalism of Property,,,25-Anti-Other Religion,,1. Business,,-,,-,,-
,,,,2024-03-02,,,0,Residence/Home,290-Destruction/Damage/Vandalism of Property,,,21-Anti-Jewish,,1. F - 60 - W,,-,,-,,-
,,,,2024-03-23,,,16,Highway/Road/Alley/Street/Sidewalk,13B-Simple Assault,,,14-Anti-Asian,,1. F - 17 - A,,M-Apparent Minor Injury,,1. F - 22 - B (Victim Was Stranger),,40-Personal Weapons
,,,,2024-04-26,,,14,School–College/University,290-Destruction/Damage/Vandalism of Property,,,21-Anti-Jewish,,1. Business,,-,,-,,-
,,,,2024-09-11,,,0,Highway/Road/Alley/Street/Sidewalk,290-Destruction/Damage/Vandalism of Property,,,"31-Anti-Arab
33-Anti-Other Race/Ethnicity/Ancestry",,1. Government,,-,,-,,-
,,,,2024-09-18,,,10,Highway/Road/Alley/Street/Sidewalk,120-Robbery,,,21-Anti-Jewish,,1. M - 45 - W,,N-None,,-,,40-Personal Weapons
,,,,2024-10-08,,,0,Highway/Road/Alley/Street/Sidewalk,290-Destruction/Damage/Vandalism of Property,,,31-Anti-Arab,,1. Business,,-,,-,,-
,,,,2024-11-03,,,11,Government/Public Building,290-Destruction/Damage/Vandalism of Property,,,21-Anti-Jewish,,1. Government,,-,,-,,-
,,,,2024-01-21,,,12,Residence/Home,13C-Intimidation,,,"43-Anti-Lesbian, Gay, Bisexual, or Transgender (Mixed Group)",,1. M - 60 - W,,-,,1. M - 60 - W (Victim Was Neighbor),,-
,,,,2024-02-03,,,17,Restaurant,13A-Aggravated Assault,,,41-Anti-Gay (Male),,1. M - 17 - B,,M-Apparent Minor Injury,,1. F - 33 - B (Victim Was Acquaintance),,40-Personal Weapons
,,,,2024-02-28,,,21,Shelter–Mission/Homeless,13A-Aggravated Assault,,,52-Anti-Mental Disability,,1. M - 35 - B,,N-None,,1. M - 64 - B (Victim Was Neighbor),,12-Handgun
,,,,2024-06-04,,,19,Residence/Home,13C-Intimidation,,,12-Anti-Black or African American,,1. F - 36 - B,,-,,-,,-
,,,,2024-11-03,,,21,Highway/Road/Alley/Street/Sidewalk,290-Destruction/Damage/Vandalism of Property,,,21-Anti-Jewish,,1. Business,,-,,-,,-
,,,,2024-01-30,,,14,Residence/Home,13C-Intimidation,,,12-Anti-Black or African American,,1. M - 49 - B,,-,,1. M - 0 - U (Relationship Unknown),,-
,,,,2024-04-05,,,12,Church/Synagogue/Temple/Mosque,13C-Intimidation,,,12-Anti-Black or African American,,1. M - 58 - W,,-,,1. M - 36 - W (Victim Was Stranger),,-
,,,,2024-05-01,,,18,Highway/Road/Alley/Street/Sidewalk,13C-Intimidation,,,41-Anti-Gay (Male),,1. M - 51 - W,,-,,1. M - 27 - W (Relationship Unknown),,-
,,,,2024-01-13,,,11,Highway/Road/Alley/Street/Sidewalk,13A-Aggravated Assault,,,12-Anti-Black or African American,,1. F - 38 - B,,I-Possible Internal Injury,,1. M - 27 - W (Victim Was Stranger),,40-Personal Weapons
,,,,2024-03-12,,,14,School–Elementary/Secondary,290-Destruction/Damage/Vandalism of Property,,,12-Anti-Black or African American,,1. Business,,-,,-,,-
,,,,2024-04-03,,,9,School–Elementary/Secondary,13C-Intimidation,,,12-Anti-Black or African American,,2. U - 00 - U,,-,,-,,-
,,,,2024-04-11,,,0,Drug Store/Doctor’s Office/Hospital,13B-Simple Assault,,,11-Anti-White,,1. M - 35 - W,,N-None,,1. M - 61 - B (Victim Was Stranger),,40-Personal Weapons
,,,,2024-02-07,,,0,Highway/Road/Alley/Street/Sidewalk,13A-Aggravated Assault,,,41-Anti-Gay (Male),,1. M - 40 - B,,N-None,,1. M - 36 - B (Victim Was Acquaintance),,40-Personal Weapons
,,,,2024-02-15,,,13,Residence/Home,13A-Aggravated Assault,,,"43-Anti-Lesbian, Gay, Bisexual, or Transgender (Mixed Group)
12-Anti-Black or African American",,1. M - 40 - B,,M-Apparent Minor Injury,,1. M - 31 - W (Victim Was Acquaintance),,40-Personal Weapons
,,,,2024-08-10,,,1,Bar/Nightclub,13A-Aggravated Assault,,,12-Anti-Black or African American,,1. M - 36 - B,,"B-Apparent Broken Bones
U-Unconsciousness
I-Possible Internal Injury",,"1. M - 25 - W (Relationship Unknown)
2. M - 0 - W (Relationship Unknown)
3. M - 0 - W (Relationship Unknown)",,30-Blunt Object
,,,,2024-10-23,,,0,Bar/Nightclub,290-Destruction/Damage/Vandalism of Property,,,21-Anti-Jewish,,1. Business,,-,,-,,-
,,,,2024-11-03,,,20,Highway/Road/Alley/Street/Sidewalk,290-Destruction/Damage/Vandalism of Property,,,"43-Anti-Lesbian, Gay, Bisexual, or Transgender (Mixed Group)",,1. F - 28 - W,,-,,-,,-
,,,,2024-11-03,,,20,Highway/Road/Alley/Street/Sidewalk,290-Destruction/Damage/Vandalism of Property,,,"43-Anti-Lesbian, Gay, Bisexual, or Transgender (Mixed Group)",,2. F - 27 - W,,-,,-,,-
,,,,2024-01-02,,,22,School–Elementary/Secondary,13C-Intimidation,,,22-Anti-Catholic,,1. F - 51 - W,,-,,-,,-
,,,,2024-11-08,,,7,Highway/Road/Alley/Street/Sidewalk,13C-Intimidation,,,41-Anti-Gay (Male),,1. M - 25 - B,,-,,1. F - 0 - B (Victim Was Neighbor),,-
,,,,2024-05-06,,,15,Highway/Road/Alley/Street/Sidewalk,13A-Aggravated Assault,,,14-Anti-Asian,,1. M - 16 - A,,M-Apparent Minor Injury,,1. F - 15 - B (Victim Was Stranger),,90-Other
,,,,2024-05-15,,,17,Highway/Road/Alley/Street/Sidewalk,13B-Simple Assault,,,41-Anti-Gay (Male),,1. M - 32 - W,,N-None,,1. M - 0 - W (Relationship Unknown),,40-Personal Weapons
,,,,2024-07-15,,,1,Highway/Road/Alley/Street/Sidewalk,13A-Aggravated Assault,,,33-Anti-Other Race/Ethnicity/Ancestry,,1. F - 30 - B,,O-Other Major Injury,,1. F - 21 - B (Victim Was Stranger),,30-Blunt Object
,,,,2024-08-28,,,12,Highway/Road/Alley/Street/Sidewalk,13B-Simple Assault,,,"43-Anti-Lesbian, Gay, Bisexual, or Transgender (Mixed Group)",,1. M - 31 - B,,N-None,,1. M - 16 - B (Victim Was Stranger),,40-Personal Weapons
,,,,2024-03-14,,,13,Parking/Drop Lot/Garage,13C-Intimidation,,,11-Anti-White,,1. M - 54 - W,,-,,1. M - 25 - B (Victim Was Stranger),,-
,,,,2025-03-17,,,18,Residence/Home,13A-Aggravated Assault,,,12-Anti-Black or African American,,1. M - 20 - B,,N-None,,1. M - 31 - W (Victim Was Other Family Member),,20-Knife/Cutting Instrument
,,,,2025-05-29,,,14,Drug Store/Doctor’s Office/Hospital,13C-Intimidation,,,21-Anti-Jewish,,1. F - 34 - W,,-,,-,,-
,,,,2025-02-24,,,3,Other/Unknown,13A-Aggravated Assault,,,12-Anti-Black or African American,,1. M - 31 - B,,M-Apparent Minor Injury,,1. M - 0 - W (Victim Was Stranger),,"12-Handgun
40-Personal Weapons"
,,,,2025-04-01,,,11,School–Elementary/Secondary,13C-Intimidation,,,12-Anti-Black or African American,,1. M - 45 - B,,-,,-,,-
,,,,2025-05-16,,,21,Residence/Home,13C-Intimidation,,,12-Anti-Black or African American,,1. F - 32 - B,,-,,"1. M - 0 - W (Victim Was Neighbor)
2. F - 0 - W (Victim Was Neighbor)",,-
,,,,2025-07-24,,,10,Highway/Road/Alley/Street/Sidewalk,13A-Aggravated Assault,,,12-Anti-Black or African American,,1. M - 29 - B,,N-None,,1. M - 0 - W (Victim Was Stranger),,12-Handgun
,,,,2025-04-07,,,16,Residence/Home,13C-Intimidation,,,12-Anti-Black or African American,,1. M - 63 - W,,-,,1. M - 43 - W (Victim Was Otherwise Known),,-
,,,,2025-04-07,,,16,Residence/Home,13C-Intimidation,,,12-Anti-Black or African American,,2. F - 40 - B,,-,,1. M - 43 - W (Victim Was Otherwise Known),,-
,,,,2025-06-02,,,16,Residence/Home,13C-Intimidation,,,33-Anti-Other Race/Ethnicity/Ancestry,,1. M - 55 - W,,-,,1. M - 66 - B (Victim Was Neighbor),,-
,,,,2025-08-12,,,0,Highway/Road/Alley/Street/Sidewalk,290-Destruction/Damage/Vandalism of Property,,,12-Anti-Black or African American,,1. F - 33 - B,,-,,-,,-
,,,,2025-02-04,,,15,Community Center,290-Destruction/Damage/Vandalism of Property,,,"15-Anti-Multiple Races, Group",,1. Government,,-,,-,,-
,,,,2025-03-07,,,0,Residence/Home,13C-Intimidation,,,42-Anti-Lesbian (Female),,1. F - 22 - W,,-,,"1. M - 23 - W (Victim Was Acquaintance)
2. F - 23 - B (Victim Was Acquaintance)",,-
,,,,2025-04-26,,,0,Highway/Road/Alley/Street/Sidewalk,290-Destruction/Damage/Vandalism of Property,,,12-Anti-Black or African American,,1. U - 00 - W,,-,,-,,-
,,,,2025-04-26,,,0,Highway/Road/Alley/Street/Sidewalk,290-Destruction/Damage/Vandalism of Property,,,12-Anti-Black or African American,,2. M - 00 - W,,-,,-,,-
,,,,2025-04-26,,,0,Highway/Road/Alley/Street/Sidewalk,290-Destruction/Damage/Vandalism of Property,,,12-Anti-Black or African American,,3. M - 21 - W,,-,,-,,-
,,,,2025-06-22,,,1,Highway/Road/Alley/Street/Sidewalk,13B-Simple Assault,,,12-Anti-Black or African American,,1. F - 38 - B,,N-None,,-,,40-Personal Weapons
,,,,2025-05-07,,,20,Highway/Road/Alley/Street/Sidewalk,13A-Aggravated Assault,,,32-Anti-Hispanic or Latino,,1. M - 47 - W,,N-None,,1. M - 52 - W (Victim Was Neighbor),,14-Shotgun
,,,,2025-05-07,,,20,Highway/Road/Alley/Street/Sidewalk,13A-Aggravated Assault,,,32-Anti-Hispanic or Latino,,2. F - 26 - W,,N-None,,1. M - 52 - W (Victim Was Otherwise Known),,14-Shotgun
,,,,2025-05-07,,,20,Highway/Road/Alley/Street/Sidewalk,520-Weapons Law Violations,,,32-Anti-Hispanic or Latino,,3. Society/Public,,-,,-,,14-Shotgun
,,,,2025-02-10,,,10,Other/Unknown,13C-Intimidation,,,12-Anti-Black or African American,,1. M - 63 - W,,-,,1. M - 36 - W (Relationship Unknown),,-
,,,,2025-03-21,,,13,Dock/Wharf/Freight/Modal Terminal,13C-Intimidation,,,41-Anti-Gay (Male),,1. M - 24 - W,,-,,1. M - 25 - B (Victim Was Stranger),,-
,,,,2025-03-27,,,0,Highway/Road/Alley/Street/Sidewalk,290-Destruction/Damage/Vandalism of Property,,,21-Anti-Jewish,,1. Business,,-,,-,,-
,,,,2025-03-11,,,12,Government/Public Building,13C-Intimidation,,,32-Anti-Hispanic or Latino,,1. F - 50 - W,,-,,1. M - 72 - W (Victim Was Stranger),,-
,,,,2025-05-05,,,1,Bar/Nightclub,13C-Intimidation,,,21-Anti-Jewish,,1. M - 39 - W,,-,,"1. M - 21 - W (Relationship Unknown)
2. M - 21 - A (Relationship Unknown)",,-
,,,,2025-05-19,,,18,Highway/Road/Alley/Street/Sidewalk,13A-Aggravated Assault,,,14-Anti-Asian,,1. F - 22 - A,,M-Apparent Minor Injury,,1. F - 35 - B (Victim Was Stranger),,20-Knife/Cutting Instrument
,,,,2025-05-19,,,18,Highway/Road/Alley/Street/Sidewalk,13A-Aggravated Assault,,,14-Anti-Asian,,2. F - 25 - A,,M-Apparent Minor Injury,,1. F - 35 - B (Victim Was Stranger),,20-Knife/Cutting Instrument
,,,,2025-05-19,,,18,Highway/Road/Alley/Street/Sidewalk,13A-Aggravated Assault,,,14-Anti-Asian,,3. F - 41 - W,,N-None,,1. F - 35 - B (Victim Was Stranger),,20-Knife/Cutting Instrument
,,,,2025-06-13,,,11,Bar/Nightclub,13C-Intimidation,,,21-Anti-Jewish,,1. M - 48 - W,,-,,-,,-
,,,,2025-08-07,,,8,Commercial/Office Building,13C-Intimidation,,,13-Anti-American Indian or Alaska Native,,1. U - 00 - U,,-,,-,,-
,,,,2025-08-10,,,3,Highway/Road/Alley/Street/Sidewalk,13A-Aggravated Assault,,,11-Anti-White,,1. F - 29 - W,,M-Apparent Minor Injury,,1. F - 0 - B (Relationship Unknown),,90-Other
,,,,2025-08-10,,,3,Highway/Road/Alley/Street/Sidewalk,13A-Aggravated Assault,,,11-Anti-White,,2. M - 27 - W,,M-Apparent Minor Injury,,1. F - 0 - B (Relationship Unknown),,90-Other
,,,,2025-08-17,,,0,Highway/Road/Alley/Street/Sidewalk,13A-Aggravated Assault,,,41-Anti-Gay (Male),,1. M - 24 - B,,N-None,,-,,95-Unknown
,,,,2025-08-17,,,0,Highway/Road/Alley/Street/Sidewalk,13A-Aggravated Assault,,,41-Anti-Gay (Male),,2. M - 24 - B,,M-Apparent Minor Injury,,-,,95-Unknown
,,,,2025-08-17,,,0,Highway/Road/Alley/Street/Sidewalk,290-Destruction/Damage/Vandalism of Property,,,41-Anti-Gay (Male),,1. M - 24 - B,,N-None,,-,,-
,,,,2025-07-31,,,15,Highway/Road/Alley/Street/Sidewalk,290-Destruction/Damage/Vandalism of Property,,,21-Anti-Jewish,,1. Business,,-,,-,,-
,,,,2025-09-01,,,15,Other/Unknown,13C-Intimidation,,,"21-Anti-Jewish
29-Anti-Jehovah’s Witness",,2. F - 26 - W,,-,,1. M - 43 - W (Victim Was Stranger),,-
,,,,2025-09-01,,,15,Other/Unknown,290-Destruction/Damage/Vandalism of Property,,,"29-Anti-Jehovah’s Witness
21-Anti-Jewish",,1. Other,,-,,-,,-
,,,,2025-10-05,,,22,Highway/Road/Alley/Street/Sidewalk,290-Destruction/Damage/Vandalism of Property,,,21-Anti-Jewish,,1. Business,,-,,-,,-
,,,,2025-12-14,,,1,Residence/Home,290-Destruction/Damage/Vandalism of Property,,,21-Anti-Jewish,,1. Business,,-,,-,,-
,,,,2025-04-17,,,19,Park/Playground,13A-Aggravated Assault,,,41-Anti-Gay (Male),,1. M - 17 - B,,N-None,,"1. M - 13 - B (Victim Was Otherwise Known)
2. M - 0 - U (Relationship Unknown)
3. M - 0 - U (Relationship Unknown)
4. M - 0 - U (Relationship Unknown)
5. M - 0 - U (Relationship Unknown)
6. M - 0 - U (Relationship Unknown)
7. M - 0 - U (Relationship Unknown)
8. M - 0 - U (Relationship Unknown)
9. M - 0 - U (Relationship Unknown)",,30-Blunt Object
,,,,2025-04-17,,,19,Park/Playground,13A-Aggravated Assault,,,41-Anti-Gay (Male),,2. F - 17 - W,,N-None,,"1. M - 13 - B (Victim Was Otherwise Known)
2. M - 0 - U (Relationship Unknown)
3. M - 0 - U (Relationship Unknown)
4. M - 0 - U (Relationship Unknown)
5. M - 0 - U (Relationship Unknown)
6. M - 0 - U (Relationship Unknown)
7. M - 0 - U (Relationship Unknown)
8. M - 0 - U (Relationship Unknown)
9. M - 0 - U (Relationship Unknown)",,30-Blunt Object
,,,,2025-09-07,,,10,Parking/Drop Lot/Garage,13A-Aggravated Assault,,,14-Anti-Asian,,1. M - 40 - A,,N-None,,1. M - 40 - A (Victim Was Stranger),,12-Handgun
,,,,2025-10-21,,,6,Highway/Road/Alley/Street/Sidewalk,13C-Intimidation,,,12-Anti-Black or African American,,1. M - 15 - B,,-,,1. M - 60 - W (Relationship Unknown),,-
,,,,2025-11-02,,,16,Highway/Road/Alley/Street/Sidewalk,120-Robbery,,,14-Anti-Asian,,1. M - 13 - A,,M-Apparent Minor Injury,,"1. M - 12 - W (Victim Was Stranger)
2. M - 13 - W (Victim Was Stranger)
3. M - 12 - B (Victim Was Stranger)",,40-Personal Weapons
,,,,2025-11-15,,,12,Specialty Store,290-Destruction/Damage/Vandalism of Property,,,"21-Anti-Jewish
12-Anti-Black or African American",,1. Business,,-,,-,,-
,,,,2025-12-07,,,13,Residence/Home,13A-Aggravated Assault,,,11-Anti-White,,1. M - 49 - W,,L-Severe Laceration,,1. M - 56 - B (Victim Was Acquaintance),,30-Blunt Object
,,,,2025-12-07,,,13,Residence/Home,13A-Aggravated Assault,,,11-Anti-White,,2. M - 14 - W,,M-Apparent Minor Injury,,1. M - 56 - B (Victim Was Otherwise Known),,30-Blunt Object
,,,,2025-12-12,,,11,Dock/Wharf/Freight/Modal Terminal,120-Robbery,,,52-Anti-Mental Disability,,1. F - 17 - B,,O-Other Major Injury,,-,,40-Personal Weapons
,,,,2025-12-20,,,11,Residence/Home,13C-Intimidation,,,12-Anti-Black or African American,,1. F - 30 - B,,-,,1. F - 0 - W (Victim Was Otherwise Known),,-
,,,,2025-02-09,,,12,Residence/Home,13C-Intimidation,,,12-Anti-Black or African American,,1. M - 00 - B,,-,,1. M - 13 - B (Relationship Unknown),,-
,,,,2025-02-24,,,14,School–College/University,290-Destruction/Damage/Vandalism of Property,,,21-Anti-Jewish,,1. Business,,-,,-,,-
,,,,2025-03-28,,,13,School–Elementary/Secondary,13B-Simple Assault,,,11-Anti-White,,1. M - 10 - W,,N-None,,-,,40-Personal Weapons
,,,,2025-03-13,,,9,Other/Unknown,13C-Intimidation,,,12-Anti-Black or African American,,1. F - 50 - B,,-,,1. M - 72 - W (Victim Was Stranger),,-
,,,,2025-10-23,,,15,Highway/Road/Alley/Street/Sidewalk,13C-Intimidation,,,32-Anti-Hispanic or Latino,,1. M - 25 - W,,-,,-,,-
,,,,2025-07-12,,,12,Highway/Road/Alley/Street/Sidewalk,13A-Aggravated Assault,,,11-Anti-White,,1. M - 22 - W,,M-Apparent Minor Injury,,1. F - 0 - B (Relationship Unknown),,30-Blunt Object
,,,,2025-01-28,,,11,School–College/University,290-Destruction/Damage/Vandalism of Property,,,"15-Anti-Multiple Races, Group",,1. Business,,-,,-,,-
,,,,2025-02-22,,,11,Highway/Road/Alley/Street/Sidewalk,13B-Simple Assault,,,21-Anti-Jewish,,1. M - 14 - W,,N-None,,1. M - 34 - B (Victim Was Stranger),,40-Personal Weapons
,,,,2025-02-22,,,11,Highway/Road/Alley/Street/Sidewalk,13B-Simple Assault,,,21-Anti-Jewish,,2. M - 50 - W,,N-None,,1. M - 34 - B (Victim Was Stranger),,40-Personal Weapons
,,,,2025-03-16,,,15,Dock/Wharf/Freight/Modal Terminal,13A-Aggravated Assault,,,41-Anti-Gay (Male),,1. M - 33 - B,,M-Apparent Minor Injury,,-,,20-Knife/Cutting Instrument
,,,,2025-03-15,,,13,Highway/Road/Alley/Street/Sidewalk,13A-Aggravated Assault,,,21-Anti-Jewish,,1. M - 50 - W,,N-None,,1. M - 34 - B (Victim Was Stranger),,90-Other
,,,,2025-03-15,,,13,Highway/Road/Alley/Street/Sidewalk,13A-Aggravated Assault,,,21-Anti-Jewish,,2. M - 14 - W,,N-None,,1. M - 34 - B (Victim Was Stranger),,90-Other
,,,,2025-05-15,,,10,Park/Playground,290-Destruction/Damage/Vandalism of Property,,,21-Anti-Jewish,,1. Government,,-,,-,,-
,,,,2025-05-17,,,16,Highway/Road/Alley/Street/Sidewalk,290-Destruction/Damage/Vandalism of Property,,,14-Anti-Asian,,1. M - 22 - A,,-,,-,,-
,,,,2025-09-05,,,23,Residence/Home,13A-Aggravated Assault,,,12-Anti-Black or African American,,1. F - 21 - B,,O-Other Major Injury,,1. M - 20 - W (Victim Was Stranger),,40-Personal Weapons
,,,,2025-04-20,,,8,Highway/Road/Alley/Street/Sidewalk,13C-Intimidation,,,12-Anti-Black or African American,,2. M - 70 - B,,-,,1. F - 0 - W (Relationship Unknown),,-
,,,,2025-04-30,,,11,Highway/Road/Alley/Street/Sidewalk,13C-Intimidation,,,24-Anti-Islamic (Muslim),,1. F - 50 - B,,-,,1. F - 70 - B (Victim Was Neighbor),,-
,,,,2025-07-28,,,20,Highway/Road/Alley/Street/Sidewalk,13B-Simple Assault,,,32-Anti-Hispanic or Latino,,1. M - 43 - W,,M-Apparent Minor Injury,,"1. M - 0 - B (Victim Was Stranger)
2. M - 0 - B (Victim Was Stranger)",,40-Personal Weapons
,,,,2025-03-05,,,15,School–Elementary/Secondary,13C-Intimidation,,,12-Anti-Black or African American,,1. F - 45 - B,,-,,-,,-
,,,,2025-03-28,,,18,Highway/Road/Alley/Street/Sidewalk,290-Destruction/Damage/Vandalism of Property,,,25-Anti-Other Religion,,1. F - 33 - W,,-,,-,,-
,,,,2025-07-19,,,12,Restaurant,13A-Aggravated Assault,,,12-Anti-Black or African American,,1. M - 41 - B,,M-Apparent Minor Injury,,1. M - 43 - A (Victim Was Stranger),,20-Knife/Cutting Instrument
,,,,2025-03-11,,,15,Residence/Home,13A-Aggravated Assault,,,72-Anti-Gender Non-Conforming,,1. F - 22 - W,,M-Apparent Minor Injury,,1. M - 22 - W (Victim Was Stranger),,"40-Personal Weapons
90-Other"
,,,,2025-03-11,,,15,Residence/Home,220-Burglary/Breaking and Entering,,,72-Anti-Gender Non-Conforming,,1. F - 22 - W,,M-Apparent Minor Injury,,1. M - 22 - W (Victim Was Stranger),,-
,,,,2025-08-22,,,15,Highway/Road/Alley/Street/Sidewalk,120-Robbery,,,"43-Anti-Lesbian, Gay, Bisexual, or Transgender (Mixed Group)",,1. F - 44 - B,,M-Apparent Minor Injury,,1. M - 27 - B (Victim Was Otherwise Known),,40-Personal Weapons
,,,,2025-01-11,,,5,Highway/Road/Alley/Street/Sidewalk,13C-Intimidation,,,14-Anti-Asian,,1. M - 36 - A,,-,,1. M - 35 - W (Victim Was Neighbor),,-
,,,,2025-02-20,,,10,Grocery/Supermarket,13C-Intimidation,,,42-Anti-Lesbian (Female),,1. F - 44 - W,,-,,-,,-
,,,,2025-12-02,,,14,Highway/Road/Alley/Street/Sidewalk,13C-Intimidation,,,84-Anti-Hindu,,1. F - 37 - W,,-,,1. M - 39 - W (Victim Was Neighbor),,-
,,,,2025-04-06,,,2,Government/Public Building,13C-Intimidation,,,12-Anti-Black or African American,,1. M - 30 - B,,-,,1. M - 46 - W (Victim Was Stranger),,-
,,,,2025-04-20,,,0,Highway/Road/Alley/Street/Sidewalk,13A-Aggravated Assault,,,11-Anti-White,,1. F - 43 - W,,M-Apparent Minor Injury,,1. F - 10 - B (Victim Was Neighbor),,"20-Knife/Cutting Instrument
40-Personal Weapons"
,,,,2025-04-20,,,0,Highway/Road/Alley/Street/Sidewalk,13A-Aggravated Assault,,,11-Anti-White,,2. F - 10 - W,,N-None,,1. F - 10 - B (Victim Was Neighbor),,"20-Knife/Cutting Instrument
40-Personal Weapons"
,,,,2025-05-14,,,15,Grocery/Supermarket,13B-Simple Assault,,,24-Anti-Islamic (Muslim),,1. M - 26 - B,,N-None,,1. F - 24 - B (Victim Was Stranger),,40-Personal Weapons
,,,,2025-06-27,,,2,Highway/Road/Alley/Street/Sidewalk,120-Robbery,,,41-Anti-Gay (Male),,1. M - 35 - W,,M-Apparent Minor Injury,,"1. M - 20 - B (Victim Was Stranger)
2. M - 20 - B (Victim Was Stranger)
3. M - 20 - B (Victim Was Stranger)",,40-Personal Weapons
,,,,2026-08-26,,,10,School–Elementary/Secondary,290-Destruction/Damage/Vandalism of Property,,,12-Anti-Black or African American,,1. Business,,-,,-,,-
,,,,2026-03-23,,,11,Department/Discount Store,13C-Intimidation,,,11-Anti-White,,2. M - 46 - W,,-,,1. M - 53 - B (Victim Was Stranger),,-
,,,,2026-02-22,,,2,Highway/Road/Alley/Street/Sidewalk,13B-Simple Assault,,,12-Anti-Black or African American,,1. M - 18 - B,,N-None,,"1. M - 0 - W (Relationship Unknown)
2. M - 0 - W (Relationship Unknown)
3. M - 0 - W (Relationship Unknown)
4. M - 0 - W (Relationship Unknown)",,40-Personal Weapons
,,,,2026-04-27,,,12,Highway/Road/Alley/Street/Sidewalk,13A-Aggravated Assault,,,12-Anti-Black or African American,,1. M - 49 - B,,O-Other Major Injury,,"1. M - 51 - W (Victim Was Neighbor)
2. M - 72 - W (Victim Was Neighbor)",,12-Handgun
,,,,2026-04-27,,,12,Highway/Road/Alley/Street/Sidewalk,13A-Aggravated Assault,,,12-Anti-Black or African American,,2. F - 48 - W,,N-None,,"1. M - 51 - W (Victim Was Neighbor)
2. M - 72 - W (Victim Was Neighbor)",,12-Handgun
,,,,2026-04-27,,,12,Highway/Road/Alley/Street/Sidewalk,520-Weapons Law Violations,,,12-Anti-Black or African American,,3. Society/Public,,-,,-,,12-Handgun
,,,,2026-04-27,,,19,Highway/Road/Alley/Street/Sidewalk,13A-Aggravated Assault,,,12-Anti-Black or African American,,1. M - 49 - B,,O-Other Major Injury,,"1. M - 72 - W (Victim Was Neighbor)
2. M - 51 - B (Victim Was Neighbor)",,12-Handgun
,,,,2026-04-27,,,19,Highway/Road/Alley/Street/Sidewalk,13A-Aggravated Assault,,,12-Anti-Black or African American,,2. F - 48 - W,,N-None,,"1. M - 72 - W (Victim Was Neighbor)
2. M - 51 - B (Victim Was Neighbor)",,12-Handgun
,,,,2026-04-27,,,19,Highway/Road/Alley/Street/Sidewalk,520-Weapons Law Violations,,,12-Anti-Black or African American,,3. Society/Public,,-,,-,,12-Handgun
,,,,2026-04-30,,,11,Department/Discount Store,290-Destruction/Damage/Vandalism of Property,,,21-Anti-Jewish,,1. Business,,-,,-,,-
,,,,2026-05-14,,,18,Highway/Road/Alley/Street/Sidewalk,13A-Aggravated Assault,,,12-Anti-Black or African American,,1. M - 27 - B,,N-None,,1. M - 61 - W (Victim Was Stranger),,40-Personal Weapons
,,,,2026-05-28,,,11,School–Elementary/Secondary,13A-Aggravated Assault,,,41-Anti-Gay (Male),,1. M - 17 - B,,O-Other Major Injury,,"1. M - 18 - B (Victim Was Stranger)
2. M - 16 - W (Victim Was Stranger)
3. M - 15 - B (Victim Was Stranger)
4. M - 18 - B (Victim Was Stranger)",,40-Personal Weapons
,,,,2026-07-22,,,0,Specialty Store,290-Destruction/Damage/Vandalism of Property,,,21-Anti-Jewish,,1. Business,,-,,-,,-
,,,,2026-07-07,,,10,Specialty Store,290-Destruction/Damage/Vandalism of Property,,,21-Anti-Jewish,,1. Business,,-,,-,,-
,,,,2026-07-24,,,0,Other/Unknown,290-Destruction/Damage/Vandalism of Property,,,21-Anti-Jewish,,1. Business,,-,,-,,-
,,,,2026-08-31,,,21,Highway/Road/Alley/Street/Sidewalk,13C-Intimidation,,,71-Anti-Transgender,,1. M - 52 - W,,-,,1. M - 30 - W (Victim Was Neighbor),,-
,,,,2026-02-21,,,23,Highway/Road/Alley/Street/Sidewalk,13A-Aggravated Assault,,,33-Anti-Other Race/Ethnicity/Ancestry,,1. M - 22 - A,,N-None,,1. M - 67 - W (Victim Was Neighbor),,12-Handgun
,,,,2026-02-21,,,23,Highway/Road/Alley/Street/Sidewalk,13A-Aggravated Assault,,,33-Anti-Other Race/Ethnicity/Ancestry,,3. M - 16 - A,,N-None,,1. M - 67 - W (Victim Was Neighbor),,12-Handgun
,,,,2026-02-21,,,23,Highway/Road/Alley/Street/Sidewalk,520-Weapons Law Violations,,,33-Anti-Other Race/Ethnicity/Ancestry,,2. Society/Public,,-,,-,,12-Handgun
,,,,2026-05-01,,,9,School–Elementary/Secondary,13C-Intimidation,,,"12-Anti-Black or African American
32-Anti-Hispanic or Latino",,1. F - 60 - W,,-,,1. M - 42 - W (Victim Was Stranger),,-
,,,,2026-05-23,,,22,Residence/Home,13B-Simple Assault,,,12-Anti-Black or African American,,1. M - 30 - B,,M-Apparent Minor Injury,,1. F - 24 - W (Victim Was Stranger),,40-Personal Weapons
,,,,2026-03-16,,,11,Highway/Road/Alley/Street/Sidewalk,13C-Intimidation,,,11-Anti-White,,1. M - 22 - W,,-,,1. M - 0 - B (Relationship Unknown),,-
,,,,2026-04-19,,,3,Drug Store/Doctor’s Office/Hospital,13C-Intimidation,,,14-Anti-Asian,,1. M - 34 - A,,-,,1. M - 60 - B (Victim Was Otherwise Known),,-
,,,,2026-05-15,,,10,Dock/Wharf/Freight/Modal Terminal,13A-Aggravated Assault,,,"43-Anti-Lesbian, Gay, Bisexual, or Transgender (Mixed Group)",,1. F - 34 - A,,O-Other Major Injury,,1. M - 29 - B (Victim Was Stranger),,40-Personal Weapons
,,,,2026-06-21,,,19,Highway/Road/Alley/Street/Sidewalk,13B-Simple Assault,,,71-Anti-Transgender,,1. U - 27 - W,,N-None,,1. F - 30 - B (Victim Was Stranger),,40-Personal Weapons
,,,,2026-08-03,,,11,Church/Synagogue/Temple/Mosque,290-Destruction/Damage/Vandalism of Property,,,21-Anti-Jewish,,1. Business,,-,,-,,-
,,,,2026-08-31,,,0,Highway/Road/Alley/Street/Sidewalk,13A-Aggravated Assault,,,41-Anti-Gay (Male),,1. M - 35 - W,,"U-Unconsciousness
M-Apparent Minor Injury",,-,,40-Personal Weapons
,,,,2026-09-08,,,22,Highway/Road/Alley/Street/Sidewalk,120-Robbery,,,14-Anti-Asian,,1. M - 36 - A,,M-Apparent Minor Injury,,1. M - 57 - B (Victim Was Stranger),,40-Personal Weapons
,,,,2026-09-10,,,12,Shelter–Mission/Homeless,13B-Simple Assault,,,72-Anti-Gender Non-Conforming,,1. U - 28 - W,,M-Apparent Minor Injury,,1. M - 30 - B (Victim Was Stranger),,40-Personal Weapons
,,,,2026-01-13,,,10,Residence/Home,13A-Aggravated Assault,,,"43-Anti-Lesbian, Gay, Bisexual, or Transgender (Mixed Group)",,1. F - 17 - B,,M-Apparent Minor Injury,,1. F - 23 - B (Victim Was Sibling),,"40-Personal Weapons
90-Other"
,,,,2026-01-13,,,10,Residence/Home,13A-Aggravated Assault,,,"43-Anti-Lesbian, Gay, Bisexual, or Transgender (Mixed Group)",,2. F - 19 - B,,N-None,,1. F - 23 - B (Victim Was Acquaintance),,"40-Personal Weapons
90-Other"
,,,,2026-03-12,,,11,Church/Synagogue/Temple/Mosque,290-Destruction/Damage/Vandalism of Property,,,22-Anti-Catholic,,1. Religious Organization,,-,,-,,-
,,,,2026-03-28,,,12,Highway/Road/Alley/Street/Sidewalk,13C-Intimidation,,,32-Anti-Hispanic or Latino,,1. F - 42 - W,,-,,1. F - 40 - B (Victim Was Neighbor),,-
,,,,2026-07-19,,,22,Residence/Home,200-Arson,,,32-Anti-Hispanic or Latino,,1. M - 20 - B,,-,,1. M - 35 - B (Victim Was Stranger),,-
,,,,2026-07-25,,,12,Highway/Road/Alley/Street/Sidewalk,290-Destruction/Damage/Vandalism of Property,,,21-Anti-Jewish,,1. M - 72 - W,,-,,-,,-
,,,,2026-02-13,,,7,Highway/Road/Alley/Street/Sidewalk,13B-Simple Assault,,,32-Anti-Hispanic or Latino,,1. M - 15 - W,,N-None,,-,,40-Personal Weapons
,,,,2026-05-28,,,6,Residence/Home,290-Destruction/Damage/Vandalism of Property,,,12-Anti-Black or African American,,1. M - 00 - B,,-,,-,,-
,,,,2026-08-28,,,16,Highway/Road/Alley/Street/Sidewalk,290-Destruction/Damage/Vandalism of Property,,,"43-Anti-Lesbian, Gay, Bisexual, or Transgender (Mixed Group)",,1. Religious Organization,,-,,-,,-
,,,,2025-08-21,,,0,Residence/Home,13C-Intimidation,,,33-Anti-Other Race/Ethnicity/Ancestry,,1. F - 44 - B,,-,,-,,-
,,,,2026-03-07,,,16,Highway/Road/Alley/Street/Sidewalk,13B-Simple Assault,,,12-Anti-Black or African American,,1. F - 17 - B,,N-None,,1. M - 40 - W (Relationship Unknown),,40-Personal Weapons
,,,,2026-04-04,,,15,Restaurant,13A-Aggravated Assault,,,41-Anti-Gay (Male),,1. F - 22 - W,,"U-Unconsciousness
O-Other Major Injury",,1. M - 32 - W (Victim Was Stranger),,"30-Blunt Object
40-Personal Weapons"
,,,,2026-06-29,,,17,Residence/Home,13C-Intimidation,,,41-Anti-Gay (Male),,1. M - 40 - B,,-,,-,,-
,,,,2026-01-02,,,4,Highway/Road/Alley/Street/Sidewalk,290-Destruction/Damage/Vandalism of Property,,,13-Anti-American Indian or Alaska Native,,1. M - 35 - W,,-,,-,,-
,,,,2026-02-19,,,15,School–College/University,13C-Intimidation,,,21-Anti-Jewish,,1. M - 23 - W,,-,,-,,-
,,,,2026-04-23,,,17,School–College/University,13A-Aggravated Assault,,,71-Anti-Transgender,,1. F - 22 - W,,M-Apparent Minor Injury,,-,,90-Other
,,,,2026-05-13,,,11,Highway/Road/Alley/Street/Sidewalk,290-Destruction/Damage/Vandalism of Property,,,12-Anti-Black or African American,,1. M - 42 - B,,-,,2. F - 45 - W (Relationship Unknown),,-
,,,,2026-05-11,,,12,Highway/Road/Alley/Street/Sidewalk,13C-Intimidation,,,12-Anti-Black or African American,,1. M - 42 - B,,-,,1. F - 45 - W (Relationship Unknown),,-
,,,,2026-07-02,,,18,Government/Public Building,13C-Intimidation,,,12-Anti-Black or African American,,1. F - 42 - B,,-,,-,,-
,,,,2026-03-06,,,12,Highway/Road/Alley/Street/Sidewalk,13C-Intimidation,,,12-Anti-Black or African American,,1. M - 65 - B,,-,,1. F - 75 - W (Victim Was Otherwise Known),,-
,,,,2026-01-18,,,4,Highway/Road/Alley/Street/Sidewalk,13C-Intimidation,,,11-Anti-White,,2. F - 34 - W,,-,,1. M - 47 - B (Victim Was Stranger),,-
,,,,2026-03-25,,,0,Highway/Road/Alley/Street/Sidewalk,23G-Theft of Motor Vehicle Parts or Accessories,,,"43-Anti-Lesbian, Gay, Bisexual, or Transgender (Mixed Group)",,1. M - 36 - B,,-,,-,,-
,,,,2026-03-25,,,0,Highway/Road/Alley/Street/Sidewalk,290-Destruction/Damage/Vandalism of Property,,,"43-Anti-Lesbian, Gay, Bisexual, or Transgender (Mixed Group)",,1. M - 36 - B,,-,,-,,-
,,,,2026-07-13,,,11,Highway/Road/Alley/Street/Sidewalk,13A-Aggravated Assault,,,32-Anti-Hispanic or Latino,,1. F - 19 - W,,"U-Unconsciousness
I-Possible Internal Injury",,1. F - 37 - B (Victim Was Stranger),,30-Blunt Object
,,,,2026-02-18,,,13,Community Center,23H-All Other Larceny,,,11-Anti-White,,1. F - 32 - W,,-,,-,,-
,,,,2026-03-16,,,12,Other/Unknown,13C-Intimidation,,,32-Anti-Hispanic or Latino,,1. M - 29 - W,,-,,-,,-
,,,,2026-09-08,,,1,Highway/Road/Alley/Street/Sidewalk,290-Destruction/Damage/Vandalism of Property,,,32-Anti-Hispanic or Latino,,1. Business,,-,,-,,-
,,,,2026-03-28,,,14,Drug Store/Doctor’s Office/Hospital,13C-Intimidation,,,62-Anti-Female,,1. F - 30 - W,,-,,1. M - 59 - B (Victim Was Stranger),,-
,,,,2026-05-01,,,11,Residence/Home,13C-Intimidation,,,12-Anti-Black or African American,,1. M - 53 - B,,-,,1. M - 61 - B (Victim Was Otherwise Known),,-
,,,,2026-05-29,,,10,Highway/Road/Alley/Street/Sidewalk,13C-Intimidation,,,"62-Anti-Female
11-Anti-White",,1. F - 42 - W,,-,,1. M - 44 - B (Relationship Unknown),,-
,,,,2026-06-09,,,10,Highway/Road/Alley/Street/Sidewalk,13C-Intimidation,,,"62-Anti-Female
11-Anti-White",,1. F - 42 - W,,-,,1. M - 44 - B (Relationship Unknown),,-
,,,,2026-01-12,,,9,Department/Discount Store,290-Destruction/Damage/Vandalism of Property,,,41-Anti-Gay (Male),,1. Business,,-,,-,,-
,,,,2026-02-24,,,13,Church/Synagogue/Temple/Mosque,13A-Aggravated Assault,,,24-Anti-Islamic (Muslim),,1. M - 74 - B,,N-None,,1. M - 0 - B (Victim Was Stranger),,20-Knife/Cutting Instrument
,,,,2026-07-13,,,15,Highway/Road/Alley/Street/Sidewalk,13A-Aggravated Assault,,,83-Anti-Buddhist,,1. F - 55 - A,,N-None,,1. F - 60 - W (Victim Was Neighbor),,30-Blunt Object
,,,,2026-01-23,,,22,Parking/Drop Lot/Garage,13C-Intimidation,,,14-Anti-Asian,,1. M - 29 - A,,-,,1. M - 42 - B (Victim Was Stranger),,-
,,,,2026-03-02,,,12,Highway/Road/Alley/Street/Sidewalk,13A-Aggravated Assault,,,12-Anti-Black or African American,,1. M - 50 - B,,N-None,,1. M - 64 - W (Victim Was Stranger),,20-Knife/Cutting Instrument
,,,,2026-03-18,,,20,School–College/University,13C-Intimidation,,,21-Anti-Jewish,,1. F - 40 - U,,-,,-,,-
,,,,2026-03-18,,,20,School–College/University,290-Destruction/Damage/Vandalism of Property,,,21-Anti-Jewish,,1. F - 40 - U,,-,,-,,-
,,,,2026-06-23,,,15,Air/Bus/Train Terminal,13B-Simple Assault,,,12-Anti-Black or African American,,1. M - 30 - B,,N-None,,-,,40-Personal Weapons
,,,PA0151000,2024-04-09,,,10,Church/Synagogue/Temple/Mosque,13C-Intimidation,,,21-Anti-Jewish,,1. F - 61 - W,,-,,-,,-
,,,PAPPD0000,2023-11-03,,,15,Highway/Road/Alley/Street/Sidewalk,13B-Simple Assault,,,62-Anti-Female,,1. F - 34 - W,,M-Apparent Minor Injury,,1. M - 55 - W (Relationship Unknown),,40-Personal Weapons
PHOENIXVILLE BOROUGH,,,,2023-11-05,,,0,Bar/Nightclub,13C-Intimidation,,,71-Anti-Transgender,,1. U - 00 - U,,-,,1. M - 0 - U (Relationship Unknown),,-
PITTSBURGH CITY,,,,2023-11-14,,,9,Residence/Home,240-Motor Vehicle Theft,,,12-Anti-Black or African American,,1. F - 28 - B,,-,,1. M - 28 - B (Victim Was Acquaintance),,-
,,,,2023-11-16,,,12,Field/Woods,13C-Intimidation,,,21-Anti-Jewish,,1. F - 55 - W,,-,,"1. M - 62 - W (Relationship Unknown)
2. F - 33 - W (Relationship Unknown)",,-
,,,,2023-11-21,,,6,Highway/Road/Alley/Street/Sidewalk,13C-Intimidation,,,12-Anti-Black or African American,,1. M - 53 - B,,-,,1. M - 61 - W (Victim Was Stranger),,-
,,,,2023-11-28,,,20,Residence/Home,13A-Aggravated Assault,,,41-Anti-Gay (Male),,3. M - 20 - B,,M-Apparent Minor Injury,,"1. M - 22 - B (Victim Was Other Family Member)
2. F - 32 - B (Victim Was Acquaintance)
3. M - 20 - B (Victim Was Offender)
4. F - 57 - B (Victim Was Acquaintance)
5. F - 58 - B (Relationship Unknown)",,30-Blunt Object
,,,,2023-11-28,,,20,Residence/Home,13A-Aggravated Assault,,,41-Anti-Gay (Male),,6. M - 22 - B,,M-Apparent Minor Injury,,"1. M - 22 - B (Relationship Unknown)
2. F - 32 - B (Relationship Unknown)
3. M - 20 - B (Relationship Unknown)
4. F - 57 - B (Victim Was Acquaintance)
5. F - 58 - B (Relationship Unknown)",,30-Blunt Object
,,,,2023-11-29,,,7,Service/Gas Station,100-Kidnapping/Abduction,,,12-Anti-Black or African American,,1. F - 29 - B,,N-None,,1. M - 0 - W (Relationship Unknown),,99-None (Mutually Exclusive)
,,,,2023-11-29,,,7,Service/Gas Station,100-Kidnapping/Abduction,,,12-Anti-Black or African American,,2. M - 09 - B,,N-None,,1. M - 0 - W (Relationship Unknown),,99-None (Mutually Exclusive)
,,,,2023-11-30,,,8,Church/Synagogue/Temple/Mosque,13C-Intimidation,,,21-Anti-Jewish,,1. U - 00 - U,,-,,1. M - 0 - U (Relationship Unknown),,-
,,,,2023-12-01,,,19,Restaurant,13C-Intimidation,,,31-Anti-Arab,,1. M - 40 - A,,-,,1. M - 0 - W (Relationship Unknown),,-
,,,,2023-11-27,,,12,Park/Playground,290-Destruction/Damage/Vandalism of Property,,,"21-Anti-Jewish
43-Anti-Lesbian, Gay, Bisexual, or Transgender (Mixed Group)",,1. Government,,-,,-,,-
,,,,2024-03-24,,,16,Residence/Home,290-Destruction/Damage/Vandalism of Property,,,21-Anti-Jewish,,1. F - 45 - W,,-,,-,,-
,,,,2024-03-25,,,0,Residence/Home,13C-Intimidation,,,21-Anti-Jewish,,1. M - 47 - W,,-,,-,,-
,,,,2024-03-14,,,0,Residence/Home,23D-Theft From Building,,,21-Anti-Jewish,,1. M - 45 - W,,-,,1. F - 0 - W (Relationship Unknown),,-
,,,,2024-04-01,,,23,Residence/Home,13C-Intimidation,,,21-Anti-Jewish,,1. F - 48 - W,,-,,-,,-
,,,,2024-04-21,,,8,Residence/Home,13C-Intimidation,,,21-Anti-Jewish,,1. F - 48 - W,,-,,1. U - 0 - U (Relationship Unknown),,-
,,,,2024-04-21,,,8,Residence/Home,13C-Intimidation,,,21-Anti-Jewish,,2. F - 57 - W,,-,,1. U - 0 - U (Relationship Unknown),,-
,,,,2024-04-07,,,7,Church/Synagogue/Temple/Mosque,290-Destruction/Damage/Vandalism of Property,,,21-Anti-Jewish,,1. Religious Organization,,-,,-,,-
,,,,2024-03-29,,,13,Restaurant,290-Destruction/Damage/Vandalism of Property,,,12-Anti-Black or African American,,1. F - 35 - B,,-,,-,,-
,,,,2024-04-11,,,1,Church/Synagogue/Temple/Mosque,13A-Aggravated Assault,,,21-Anti-Jewish,,1. M - 47 - W,,N-None,,1. U - 0 - U (Relationship Unknown),,"12-Handgun
60-Explosives"
,,,,2024-04-15,,,13,Church/Synagogue/Temple/Mosque,13A-Aggravated Assault,,,21-Anti-Jewish,,1. M - 63 - W,,N-None,,-,,"60-Explosives
11-Firearm"
,,,,2024-04-20,,,3,Bar/Nightclub,13B-Simple Assault,,,41-Anti-Gay (Male),,1. M - 28 - W,,M-Apparent Minor Injury,,-,,40-Personal Weapons
,,,,2024-04-19,,,10,Residence/Home,13C-Intimidation,,,21-Anti-Jewish,,1. F - 48 - W,,-,,1. M - 35 - W (Relationship Unknown),,-
,,,,2024-04-29,,,12,Highway/Road/Alley/Street/Sidewalk,290-Destruction/Damage/Vandalism of Property,,,21-Anti-Jewish,,1. Government,,-,,-,,-
,,,,2024-05-03,,,9,Highway/Road/Alley/Street/Sidewalk,13C-Intimidation,,,72-Anti-Gender Non-Conforming,,1. M - 30 - W,,-,,1. M - 0 - U (Relationship Unknown),,-
,,,,2024-05-20,,,20,Park/Playground,290-Destruction/Damage/Vandalism of Property,,,11-Anti-White,,1. Government,,-,,-,,-
,,,,2024-06-13,,,19,Grocery/Supermarket,13C-Intimidation,,,12-Anti-Black or African American,,1. M - 50 - U,,-,,1. M - 0 - W (Relationship Unknown),,-
,,,,2024-06-27,,,11,Community Center,13C-Intimidation,,,21-Anti-Jewish,,1. M - 00 - W,,-,,1. M - 30 - W (Relationship Unknown),,-
,,,,2024-06-06,,,20,Residence/Home,23H-All Other Larceny,,,21-Anti-Jewish,,1. F - 35 - W,,-,,1. M - 0 - W (Relationship Unknown),,-
,,,,2024-07-04,,,17,Church/Synagogue/Temple/Mosque,13C-Intimidation,,,21-Anti-Jewish,,1. M - 00 - W,,-,,-,,-
,,,,2024-07-28,,,20,Church/Synagogue/Temple/Mosque,13C-Intimidation,,,21-Anti-Jewish,,1. M - 46 - W,,-,,-,,-
,,,,2024-07-28,,,20,Church/Synagogue/Temple/Mosque,290-Destruction/Damage/Vandalism of Property,,,21-Anti-Jewish,,1. M - 46 - W,,-,,-,,-
,,,,2024-07-29,,,8,Residence/Home,290-Destruction/Damage/Vandalism of Property,,,21-Anti-Jewish,,1. M - 87 - W,,-,,-,,-
,,,,2024-07-28,,,20,Residence/Home,13C-Intimidation,,,21-Anti-Jewish,,1. M - 59 - W,,-,,1. U - 0 - U (Relationship Unknown),,-
,,,,2024-08-29,,,7,Commercial/Office Building,13B-Simple Assault,,,12-Anti-Black or African American,,1. M - 29 - B,,N-None,,1. M - 40 - W (Relationship Unknown),,40-Personal Weapons
,,,,2024-10-20,,,11,Residence/Home,23H-All Other Larceny,,,21-Anti-Jewish,,1. M - 23 - W,,-,,-,,-
,,,,2024-10-21,,,18,Grocery/Supermarket,13C-Intimidation,,,12-Anti-Black or African American,,1. F - 24 - B,,-,,1. M - 42 - W (Relationship Unknown),,-
,,,,2024-11-09,,,23,Residence/Home,23H-All Other Larceny,,,"43-Anti-Lesbian, Gay, Bisexual, or Transgender (Mixed Group)",,1. F - 34 - W,,-,,-,,-
,,,,2024-11-17,,,8,Community Center,290-Destruction/Damage/Vandalism of Property,,,21-Anti-Jewish,,1. Religious Organization,,-,,-,,-
,,,,2024-11-17,,,5,Residence/Home,13C-Intimidation,,,21-Anti-Jewish,,1. F - 41 - W,,-,,-,,-
,,,,2024-11-20,,,8,Highway/Road/Alley/Street/Sidewalk,13C-Intimidation,,,21-Anti-Jewish,,1. F - 62 - U,,-,,-,,-
,,,,2024-11-14,,,14,Highway/Road/Alley/Street/Sidewalk,290-Destruction/Damage/Vandalism of Property,,,21-Anti-Jewish,,1. Business,,-,,-,,-
,,,,2024-12-11,,,12,Highway/Road/Alley/Street/Sidewalk,13C-Intimidation,,,12-Anti-Black or African American,,1. M - 04 - B,,-,,1. M - 31 - W (Victim Was Acquaintance),,-
,,,,2025-01-04,,,19,Residence/Home,13C-Intimidation,,,21-Anti-Jewish,,1. M - 34 - W,,-,,-,,-
,,,,2025-01-04,,,19,Residence/Home,13C-Intimidation,,,21-Anti-Jewish,,2. F - 33 - W,,-,,-,,-
,,,,2025-01-04,,,0,Residence/Home,13C-Intimidation,,,21-Anti-Jewish,,1. M - 58 - W,,-,,-,,-
,,,,2025-01-27,,,11,Residence/Home,13C-Intimidation,,,12-Anti-Black or African American,,1. F - 29 - B,,-,,1. M - 59 - W (Victim Was Neighbor),,-
,,,,2025-04-17,,,1,Church/Synagogue/Temple/Mosque,290-Destruction/Damage/Vandalism of Property,,,21-Anti-Jewish,,1. Religious Organization,,-,,-,,-
,,,,2025-05-23,,,11,Government/Public Building,13C-Intimidation,,,21-Anti-Jewish,,1. F - 40 - W,,-,,"1. M - 30 - W (Victim Was Stranger)
2. M - 0 - U (Victim Was Stranger)",,-
,,,,2025-09-04,,,13,Church/Synagogue/Temple/Mosque,13C-Intimidation,,,22-Anti-Catholic,,1. M - 56 - W,,-,,1. M - 49 - W (Relationship Unknown),,-
,,,,2025-09-13,,,20,Church/Synagogue/Temple/Mosque,13C-Intimidation,,,21-Anti-Jewish,,1. M - 15 - W,,-,,1. F - 37 - W (Relationship Unknown),,-
,,,,2025-11-25,,,8,Residence/Home,290-Destruction/Damage/Vandalism of Property,,,12-Anti-Black or African American,,1. F - 67 - W,,-,,1. U - 0 - U (Relationship Unknown),,-
,,,,2025-12-15,,,1,Bar/Nightclub,290-Destruction/Damage/Vandalism of Property,,,41-Anti-Gay (Male),,1. Business,,-,,-,,-
,,,,2026-01-17,,,19,Residence/Home,13C-Intimidation,,,21-Anti-Jewish,,1. F - 50 - U,,-,,1. M - 34 - W (Relationship Unknown),,-
,,,,2026-01-17,,,19,Residence/Home,290-Destruction/Damage/Vandalism of Property,,,21-Anti-Jewish,,1. F - 50 - U,,-,,1. M - 34 - W (Relationship Unknown),,-
,,,,2026-02-08,,,5,Residence/Home,13C-Intimidation,,,21-Anti-Jewish,,1. F - 50 - U,,-,,"1. M - 53 - W (Victim Was Neighbor)
2. M - 0 - W (Relationship Unknown)",,-
,,,,2026-02-08,,,5,Residence/Home,13C-Intimidation,,,21-Anti-Jewish,,2. F - 50 - U,,-,,"1. M - 53 - W (Relationship Unknown)
2. M - 0 - W (Relationship Unknown)",,-
,,,PA0094300,2025-08-07,,,13,Commercial/Office Building,220-Burglary/Breaking and Entering,,,21-Anti-Jewish,,1. M - 86 - W,,-,,-,,-
,,,,2025-08-07,,,13,Commercial/Office Building,290-Destruction/Damage/Vandalism of Property,,,21-Anti-Jewish,,1. M - 86 - W,,-,,-,,-
PLUMSTEAD TOWNSHIP,,,,2025-08-01,,,0,Commercial/Office Building,220-Burglary/Breaking and Entering,,,21-Anti-Jewish,,1. M - 87 - W,,-,,-,,-
,,,,2025-08-01,,,0,Commercial/Office Building,290-Destruction/Damage/Vandalism of Property,,,21-Anti-Jewish,,1. M - 87 - W,,-,,-,,-
,,,,2025-09-24,,,0,Rental Storage Facility,290-Destruction/Damage/Vandalism of Property,,,21-Anti-Jewish,,1. M - 87 - W,,-,,-,,-
,,,PA0450700,2023-08-11,,,3,Parking/Drop Lot/Garage,23H-All Other Larceny,,,71-Anti-Transgender,,1. Business,,-,,-,,-
,,,,2023-08-19,,,20,Cyberspace,13C-Intimidation,,,11-Anti-White,,1. M - 28 - W,,-,,1. M - 20 - B (Victim Was Employee),,-
POCONO TOWNSHIP,,,,2023-08-20,,,22,Hotel/Motel/Etc.,13B-Simple Assault,,,72-Anti-Gender Non-Conforming,,1. M - 26 - W,,N-None,,1. M - 58 - W (Victim Was Boyfriend/Girlfriend),,40-Personal Weapons
,,,,2023-11-22,,,15,Highway/Road/Alley/Street/Sidewalk,290-Destruction/Damage/Vandalism of Property,,,12-Anti-Black or African American,,1. F - 20 - B,,-,,-,,-
,,,PAPSP2200,2022-08-19,,,14,Highway/Road/Alley/Street/Sidewalk,11D-Fondling,,,11-Anti-White,,1. F - 26 - W,,N-None,,1. M - 64 - W (Victim Was Other Family Member),,40-Personal Weapons
,,,,2021-01-10,,,2,ATM Separate from Bank,13B-Simple Assault,,,16-Anti-Native Hawaiian or Other Pacific Islander,,1. M - 30 - W,,N-None,,1. M - 45 - W (Victim Was Neighbor),,99-None (Mutually Exclusive)
PSP - TROOP A - EBENSBURG STATION,,,PAPSP3400,2021-04-25,,,15,Residence/Home,26F-Identity Theft,,,16-Anti-Native Hawaiian or Other Pacific Islander,,1. M - 66 - W,,-,,-,,-
,,,,2023-12-18,,,16,School–College/University,13C-Intimidation,,,12-Anti-Black or African American,,1. M - 56 - B,,-,,-,,-
PSP - TROOP A - GREENSBURG STATION,,,,2021-05-11,,,14,Highway/Road/Alley/Street/Sidewalk,290-Destruction/Damage/Vandalism of Property,,,12-Anti-Black or African American,,1. Government,,-,,-,,-
,,,,2022-07-03,,,18,Church/Synagogue/Temple/Mosque,290-Destruction/Damage/Vandalism of Property,,,82-Anti-Other Christian,,1. Religious Organization,,-,,-,,-
,,,,2023-10-07,,,0,Bar/Nightclub,13B-Simple Assault,,,12-Anti-Black or African American,,1. M - 26 - B,,M-Apparent Minor Injury,,1. M - 34 - W (Victim Was Stranger),,40-Personal Weapons
,,,,2022-10-17,,,8,Church/Synagogue/Temple/Mosque,290-Destruction/Damage/Vandalism of Property,,,12-Anti-Black or African American,,1. Religious Organization,,-,,-,,-
,,,PAPSP4200,2022-04-27,,,21,School–College/University,13C-Intimidation,,,12-Anti-Black or African American,,1. M - 17 - B,,-,,"1. M - 17 - W (Victim Was Acquaintance)
2. M - 16 - W (Victim Was Acquaintance)",,-
,,,,2022-04-27,,,21,School–College/University,13C-Intimidation,,,12-Anti-Black or African American,,2. M - 15 - B,,-,,"1. M - 17 - W (Victim Was Acquaintance)
2. M - 16 - W (Victim Was Acquaintance)",,-
PSP - TROOP A - INDIANA STATION,,,,2022-04-27,,,21,School–College/University,13C-Intimidation,,,12-Anti-Black or African American,,3. F - 16 - B,,-,,"1. M - 17 - W (Victim Was Acquaintance)
2. M - 16 - W (Victim Was Acquaintance)",,-
,,,PAPSP4500,2025-10-16,,,21,Service/Gas Station,13A-Aggravated Assault,,,71-Anti-Transgender,,1. F - 32 - W,,I-Possible Internal Injury,,1. M - 26 - W (Victim Was Acquaintance),,30-Blunt Object
,,,,2025-10-16,,,21,Service/Gas Station,13A-Aggravated Assault,,,71-Anti-Transgender,,2. F - 26 - W,,I-Possible Internal Injury,,1. M - 26 - W (Victim was Ex-Relationship (Ex-Boyfriend/Ex-Girlfriend)),,30-Blunt Object
PSP - TROOP A - KISKI VALLEY STATION,,,PAPSP8000,2021-01-02,,,16,Residence/Home,23F-Theft From Motor Vehicle,,,16-Anti-Native Hawaiian or Other Pacific Islander,,1. M - 30 - W,,-,,-,,-
,,,PAPSP0500,2021-09-14,,,20,Highway/Road/Alley/Street/Sidewalk,26C-Impersonation,,,16-Anti-Native Hawaiian or Other Pacific Islander,,1. Government,,-,,-,,-
PSP - TROOP A - SOMERSET STATION,,,,2021-05-11,,,10,Restaurant,13B-Simple Assault,,,12-Anti-Black or African American,,1. F - 62 - W,,M-Apparent Minor Injury,,"1. F - 62 - W (Victim Was Offender)
2. F - 24 - B (Relationship Unknown)",,40-Personal Weapons
PSP - TROOP B - BELLE VERNON STATION,,,,2021-05-11,,,10,Restaurant,13B-Simple Assault,,,12-Anti-Black or African American,,2. F - 24 - B,,N-None,,"1. F - 62 - W (Relationship Unknown)
2. F - 24 - B (Victim Was Offender)",,40-Personal Weapons
,,,,2024-09-06,,,11,Highway/Road/Alley/Street/Sidewalk,13C-Intimidation,,,12-Anti-Black or African American,,1. M - 36 - B,,-,,1. M - 57 - W (Victim Was Stranger),,-
,,,,2026-07-04,,,2,Highway/Road/Alley/Street/Sidewalk,13C-Intimidation,,,12-Anti-Black or African American,,1. M - 28 - B,,-,,1. M - 32 - W (Victim Was Otherwise Known),,-
,,,,2025-08-09,,,4,Residence/Home,13B-Simple Assault,,,12-Anti-Black or African American,,1. M - 31 - B,,M-Apparent Minor Injury,,1. M - 24 - W (Victim Was Stranger),,40-Personal Weapons
,,,,2025-08-09,,,4,Residence/Home,13B-Simple Assault,,,12-Anti-Black or African American,,2. M - 38 - W,,M-Apparent Minor Injury,,1. M - 24 - W (Victim Was Stranger),,40-Personal Weapons
,,,,2026-03-16,,,4,Highway/Road/Alley/Street/Sidewalk,13B-Simple Assault,,,25-Anti-Other Religion,,1. M - 28 - B,,N-None,,1. M - 47 - W (Victim Was Otherwise Known),,40-Personal Weapons
,,,PAPSP1100,2021-03-07,,,6,Gambling Facility/Casino/Race Track,23H-All Other Larceny,,,16-Anti-Native Hawaiian or Other Pacific Islander,,1. M - 24 - W,,-,,1. M - 0 - B (Victim Was Stranger),,-
,,,,2023-03-05,,,17,Highway/Road/Alley/Street/Sidewalk,13C-Intimidation,,,12-Anti-Black or African American,,1. F - 35 - B,,-,,1. F - 23 - W (Victim Was Stranger),,-
PSP - TROOP B - PITTSBURGH STATION,,,PAPSP8800,2024-10-22,,,18,Residence/Home,290-Destruction/Damage/Vandalism of Property,,,16-Anti-Native Hawaiian or Other Pacific Islander,,1. M - 41 - W,,-,,-,,-
,,,,2025-12-09,,,18,Parking/Drop Lot/Garage,13B-Simple Assault,,,12-Anti-Black or African American,,1. M - 22 - B,,N-None,,1. F - 53 - W (Victim Was Otherwise Known),,40-Personal Weapons
PSP - TROOP B - UNIONTOWN STATION,,,,2021-05-27,,,10,Residence/Home,13C-Intimidation,,,16-Anti-Native Hawaiian or Other Pacific Islander,,1. F - 47 - W,,-,,1. M - 28 - W (Victim Was Friend),,-
,,,,2021-05-27,,,10,Residence/Home,13C-Intimidation,,,16-Anti-Native Hawaiian or Other Pacific Islander,,2. F - 30 - W,,-,,1. M - 28 - W (Victim Was Boyfriend/Girlfriend),,-
,,,,2024-08-04,,,13,Liquor Store,23C-Shoplifting,,,16-Anti-Native Hawaiian or Other Pacific Islander,,1. Business,,-,,-,,-
,,,,2022-08-23,,,19,Drug Store/Doctor’s Office/Hospital,13B-Simple Assault,,,51-Anti-Physical Disability,,1. F - 58 - W,,N-None,,1. F - 82 - W (Victim Was Otherwise Known),,40-Personal Weapons
,,,,2022-10-31,,,17,Residence/Home,13C-Intimidation,,,12-Anti-Black or African American,,1. F - 24 - B,,-,,-,,-
,,,,2023-05-24,,,22,Highway/Road/Alley/Street/Sidewalk,13A-Aggravated Assault,,,23-Anti-Protestant,,1. M - 17 - W,,N-None,,-,,12-Handgun
,,,,2021-12-14,,,7,School–College/University,13C-Intimidation,,,21-Anti-Jewish,,1. M - 17 - W,,-,,1. M - 0 - U (Relationship Unknown),,-
,,,,2022-05-18,,,10,Service/Gas Station,13B-Simple Assault,,,"43-Anti-Lesbian, Gay, Bisexual, or Transgender (Mixed Group)",,1. M - 19 - B,,N-None,,1. M - 58 - W (Victim Was Stranger),,40-Personal Weapons
,,,,2023-07-01,,,17,Restaurant,13B-Simple Assault,,,16-Anti-Native Hawaiian or Other Pacific Islander,,1. F - 21 - W,,N-None,,1. M - 22 - B (Victim Was Boyfriend/Girlfriend),,99-None (Mutually Exclusive)
,,,,2021-10-28,,,13,Government/Public Building,13C-Intimidation,,,12-Anti-Black or African American,,1. M - 56 - B,,-,,1. M - 45 - W (Victim Was Acquaintance),,-
,,,PAPSP9100,2026-01-05,,,14,School–Elementary/Secondary,13B-Simple Assault,,,12-Anti-Black or African American,,1. M - 13 - W,,M-Apparent Minor Injury,,"1. M - 13 - W (Victim Was Offender)
2. M - 14 - B (Victim Was Otherwise Known)",,40-Personal Weapons
,,,,2026-01-05,,,14,School–Elementary/Secondary,13B-Simple Assault,,,12-Anti-Black or African American,,2. M - 14 - B,,N-None,,"1. M - 13 - W (Victim Was Otherwise Known)
2. M - 14 - B (Victim Was Offender)",,40-Personal Weapons
PSP - TROOP B - WASHINGTON STATION,,,,2021-11-19,,,14,Cyberspace,26A-False Pretense/Swindle/Confidence Game,,,16-Anti-Native Hawaiian or Other Pacific Islander,,1. F - 74 - W,,-,,-,,-
,,,,2025-04-27,,,17,Highway/Road/Alley/Street/Sidewalk,290-Destruction/Damage/Vandalism of Property,,,33-Anti-Other Race/Ethnicity/Ancestry,,1. Government,,-,,-,,-
,,,,2023-09-18,,,9,Drug Store/Doctor’s Office/Hospital,13C-Intimidation,,,21-Anti-Jewish,,1. F - 40 - W,,-,,-,,-
,,,PAPSP9200,2026-08-16,,,21,Residence/Home,13B-Simple Assault,,,16-Anti-Native Hawaiian or Other Pacific Islander,,1. F - 46 - W,,M-Apparent Minor Injury,,1. M - 46 - B (Victim Was Boyfriend/Girlfriend),,40-Personal Weapons
,,,,2023-08-31,,,9,Residence/Home,13C-Intimidation,,,16-Anti-Native Hawaiian or Other Pacific Islander,,1. M - 51 - B,,-,,1. M - 45 - W (Victim Was Stranger),,-
PSP - TROOP B - WAYNESBURG STATION,,,PAPSP8200,2022-02-07,,,9,School–College/University,13C-Intimidation,,,12-Anti-Black or African American,,1. F - 35 - B,,-,,-,,-
,,,,2022-02-07,,,9,School–College/University,13C-Intimidation,,,12-Anti-Black or African American,,2. F - 18 - B,,-,,-,,-
PSP - TROOP C - CLARION STATION,,,,2022-02-07,,,9,School–College/University,13C-Intimidation,,,12-Anti-Black or African American,,3. F - 20 - B,,-,,-,,-
,,,,2022-02-07,,,9,School–College/University,13C-Intimidation,,,12-Anti-Black or African American,,4. M - 34 - B,,-,,-,,-
,,,,2022-02-07,,,9,School–College/University,13C-Intimidation,,,12-Anti-Black or African American,,5. F - 48 - B,,-,,-,,-
,,,,2022-02-07,,,9,School–College/University,13C-Intimidation,,,12-Anti-Black or African American,,6. F - 39 - B,,-,,-,,-
,,,,2022-02-07,,,9,School–College/University,13C-Intimidation,,,12-Anti-Black or African American,,7. M - 17 - B,,-,,-,,-
,,,,2022-02-07,,,9,School–College/University,13C-Intimidation,,,12-Anti-Black or African American,,8. F - 12 - B,,-,,-,,-
,,,PAPSP1300,2025-12-29,,,6,Shelter–Mission/Homeless,13C-Intimidation,,,71-Anti-Transgender,,1. M - 38 - W,,-,,"1. M - 49 - B (Victim Was Otherwise Known)
2. M - 50 - B (Victim Was Otherwise Known)",,-
,,,,2023-11-04,,,11,Department/Discount Store,290-Destruction/Damage/Vandalism of Property,,,21-Anti-Jewish,,1. M - 52 - W,,-,,-,,-
PSP - TROOP C - CLEARFIELD STATION,,,,2021-12-15,,,13,Highway/Road/Alley/Street/Sidewalk,290-Destruction/Damage/Vandalism of Property,,,27-Anti-Atheism/Agnosticism,,1. F - 56 - W,,-,,-,,-
,,,,2021-08-30,,,11,Jail/Prison/Penitentiary/Corrections Facility,13A-Aggravated Assault,,,11-Anti-White,,1. M - 26 - W,,"B-Apparent Broken Bones
O-Other Major Injury
U-Unconsciousness",,1. M - 40 - B (Victim Was Otherwise Known),,40-Personal Weapons
,,,PAPSP1700,2023-10-09,,,9,Church/Synagogue/Temple/Mosque,290-Destruction/Damage/Vandalism of Property,,,"43-Anti-Lesbian, Gay, Bisexual, or Transgender (Mixed Group)",,1. Religious Organization,,-,,-,,-
,,,,2022-06-30,,,21,Highway/Road/Alley/Street/Sidewalk,13B-Simple Assault,,,27-Anti-Atheism/Agnosticism,,1. M - 62 - W,,N-None,,"1. M - 55 - W (Victim Was Neighbor)
2. M - 15 - W (Victim Was Neighbor)",,40-Personal Weapons
PSP - TROOP C - DUBOIS STATION,,,,2022-06-30,,,21,Highway/Road/Alley/Street/Sidewalk,13B-Simple Assault,,,27-Anti-Atheism/Agnosticism,,2. M - 55 - W,,N-None,,"1. M - 55 - W (Victim Was Offender)
2. M - 15 - W (Victim Was Neighbor)",,40-Personal Weapons
,,,,2024-08-11,,,2,Residence/Home,290-Destruction/Damage/Vandalism of Property,,,"43-Anti-Lesbian, Gay, Bisexual, or Transgender (Mixed Group)",,1. M - 18 - W,,-,,1. F - 17 - W (Victim Was Acquaintance),,-
,,,,2024-08-11,,,2,Residence/Home,290-Destruction/Damage/Vandalism of Property,,,"43-Anti-Lesbian, Gay, Bisexual, or Transgender (Mixed Group)",,2. F - 60 - W,,-,,1. F - 17 - W (Victim Was Otherwise Known),,-
,,,PAPSP8400,2022-07-11,,,23,Residence/Home,220-Burglary/Breaking and Entering,,,12-Anti-Black or African American,,1. F - 45 - B,,-,,-,,-
,,,,2022-07-11,,,23,Residence/Home,290-Destruction/Damage/Vandalism of Property,,,12-Anti-Black or African American,,1. F - 45 - B,,-,,-,,-
PSP - TROOP C - MARIENVILLE STATION,,,,2021-08-13,,,19,Residence/Home,290-Destruction/Damage/Vandalism of Property,,,51-Anti-Physical Disability,,1. F - 47 - W,,-,,-,,-
,,,,2021-11-09,,,11,Jail/Prison/Penitentiary/Corrections Facility,13A-Aggravated Assault,,,33-Anti-Other Race/Ethnicity/Ancestry,,1. M - 49 - W,,L-Severe Laceration,,1. M - 30 - W (Victim Was Otherwise Known),,20-Knife/Cutting Instrument
,,,,2023-09-23,,,22,Residence/Home,290-Destruction/Damage/Vandalism of Property,,,12-Anti-Black or African American,,1. M - 30 - B,,-,,-,,-
,,,PAPSP7000,2022-04-11,,,15,Church/Synagogue/Temple/Mosque,290-Destruction/Damage/Vandalism of Property,,,82-Anti-Other Christian,,1. Business,,-,,-,,-
,,,,2022-04-15,,,22,Church/Synagogue/Temple/Mosque,290-Destruction/Damage/Vandalism of Property,,,82-Anti-Other Christian,,1. Business,,-,,-,,-
PSP - TROOP C - PUNXSUTAWNEY STATION,,,PAPSP0900,2021-09-30,,,19,Highway/Road/Alley/Street/Sidewalk,13A-Aggravated Assault,,,12-Anti-Black or African American,,1. F - 16 - W,,M-Apparent Minor Injury,,1. M - 18 - W (Victim Was Boyfriend/Girlfriend),,35-Motor Vehicle/Vessel
,,,,2021-09-30,,,19,Highway/Road/Alley/Street/Sidewalk,13A-Aggravated Assault,,,12-Anti-Black or African American,,2. F - 12 - W,,O-Other Major Injury,,1. M - 18 - W (Victim Was Otherwise Known),,35-Motor Vehicle/Vessel
PSP - TROOP D - BUTLER STATION,,,,2021-09-30,,,19,Highway/Road/Alley/Street/Sidewalk,13A-Aggravated Assault,,,12-Anti-Black or African American,,3. F - 11 - W,,O-Other Major Injury,,1. M - 18 - W (Victim Was Otherwise Known),,35-Motor Vehicle/Vessel
,,,,2021-09-30,,,19,Highway/Road/Alley/Street/Sidewalk,13A-Aggravated Assault,,,12-Anti-Black or African American,,4. F - 10 - B,,"L-Severe Laceration
O-Other Major Injury
U-Unconsciousness",,1. M - 18 - W (Victim Was Otherwise Known),,35-Motor Vehicle/Vessel
,,,,2023-10-06,,,14,Residence/Home,23H-All Other Larceny,,,12-Anti-Black or African American,,1. F - 84 - W,,-,,1. M - 53 - W (Victim Was Parent),,-
,,,,2023-05-13,,,7,Camp/Campground,270-Embezzlement,,,16-Anti-Native Hawaiian or Other Pacific Islander,,1. F - 26 - W,,-,,1. F - 43 - W (Victim Was Child),,-
,,,,2021-12-17,,,9,Residence/Home,26F-Identity Theft,,,11-Anti-White,,1. F - 53 - W,,-,,-,,-
,,,PAPSP4600,2021-03-14,,,14,Residence/Home,13C-Intimidation,,,11-Anti-White,,1. F - 50 - W,,-,,1. M - 39 - W (Victim Was Neighbor),,-
,,,,2023-03-25,,,17,Residence/Home,220-Burglary/Breaking and Entering,,,21-Anti-Jewish,,1. Financial Institution,,-,,-,,-
PSP - TROOP D - KITTANNING STATION,,,,2021-02-20,,,20,Residence/Home,13C-Intimidation,,,12-Anti-Black or African American,,1. M - 60 - B,,-,,1. M - 55 - W (Victim Was Otherwise Known),,-
,,,,2024-09-27,,,18,ATM Separate from Bank,13C-Intimidation,,,12-Anti-Black or African American,,1. F - 33 - W,,-,,-,,-
,,,PAPSP5700,2021-06-05,,,22,Other/Unknown,13A-Aggravated Assault,,,12-Anti-Black or African American,,1. M - 27 - B,,N-None,,1. M - 61 - W (Relationship Unknown),,13-Rifle
,,,,2022-01-03,,,8,Jail/Prison/Penitentiary/Corrections Facility,13B-Simple Assault,,,16-Anti-Native Hawaiian or Other Pacific Islander,,1. M - 49 - W,,N-None,,1. M - 16 - W (Victim Was Otherwise Known),,40-Personal Weapons
PSP - TROOP D - MERCER STATION,,,PAPSP2500,2021-01-24,,,13,Specialty Store,23C-Shoplifting,,,16-Anti-Native Hawaiian or Other Pacific Islander,,1. Business,,-,,-,,-
,,,,2023-03-03,,,22,Residence/Home,220-Burglary/Breaking and Entering,,,14-Anti-Asian,,1. M - 49 - A,,-,,-,,-
PSP - TROOP E - ERIE STATION,,,,2023-03-03,,,22,Residence/Home,220-Burglary/Breaking and Entering,,,14-Anti-Asian,,2. F - 49 - A,,-,,-,,-
,,,,2023-03-03,,,22,Residence/Home,220-Burglary/Breaking and Entering,,,14-Anti-Asian,,3. F - 23 - A,,-,,-,,-
,,,,2021-06-21,,,18,Gambling Facility/Casino/Race Track,13C-Intimidation,,,12-Anti-Black or African American,,1. M - 50 - B,,-,,1. M - 0 - W (Victim Was Stranger),,-
,,,,2021-06-21,,,18,Gambling Facility/Casino/Race Track,13C-Intimidation,,,12-Anti-Black or African American,,2. F - 38 - B,,-,,1. M - 0 - W (Victim Was Stranger),,-
,,,,2025-08-01,,,15,Hotel/Motel/Etc.,270-Embezzlement,,,16-Anti-Native Hawaiian or Other Pacific Islander,,1. M - 29 - W,,-,,-,,-
,,,,2021-12-29,,,10,Church/Synagogue/Temple/Mosque,290-Destruction/Damage/Vandalism of Property,,,25-Anti-Other Religion,,1. Religious Organization,,-,,-,,-
,,,,2024-06-08,,,23,Highway/Road/Alley/Street/Sidewalk,290-Destruction/Damage/Vandalism of Property,,,12-Anti-Black or African American,,1. Business,,-,,-,,-
,,,PAPSP3300,2025-10-29,,,23,Jail/Prison/Penitentiary/Corrections Facility,09A-Murder and Nonnegligent Manslaughter,,,41-Anti-Gay (Male),,1. M - 25 - W,,-,,1. M - 33 - W (Victim Was Otherwise Known),,40-Personal Weapons
,,,,2024-11-06,,,9,Bar/Nightclub,13B-Simple Assault,,,23-Anti-Protestant,,1. M - 64 - W,,N-None,,1. M - 68 - W (Relationship Unknown),,40-Personal Weapons
PSP - TROOP E - GIRARD STATION,,,,2021-07-31,,,21,Residence/Home,13C-Intimidation,,,24-Anti-Islamic (Muslim),,1. M - 42 - W,,-,,1. M - 36 - W (Victim Was Otherwise Known),,-
,,,PAPSP5500,2022-04-14,,,0,Residence/Home,13C-Intimidation,,,51-Anti-Physical Disability,,1. F - 21 - W,,-,,1. M - 42 - W (Victim Was Step-child),,-
,,,PAPSP8900,2022-12-30,,,13,Highway/Road/Alley/Street/Sidewalk,290-Destruction/Damage/Vandalism of Property,,,12-Anti-Black or African American,,1. Government,,-,,-,,-
PSP - TROOP E - MEADVILLE STATION,,,,2025-09-02,,,10,Church/Synagogue/Temple/Mosque,290-Destruction/Damage/Vandalism of Property,,,28-Anti-Church of Jesus Christ,,1. Religious Organization,,-,,-,,-
PSP - TROOP E - WARREN STATION,,,PAPSP2300,2023-11-10,,,17,Highway/Road/Alley/Street/Sidewalk,13B-Simple Assault,,,12-Anti-Black or African American,,1. F - 33 - W,,M-Apparent Minor Injury,,"1. F - 33 - W (Victim Was Offender)
2. F - 40 - B (Victim Was Neighbor)",,40-Personal Weapons
,,,,2023-11-10,,,17,Highway/Road/Alley/Street/Sidewalk,13B-Simple Assault,,,12-Anti-Black or African American,,2. F - 40 - B,,M-Apparent Minor Injury,,"1. F - 33 - W (Victim Was Neighbor)
2. F - 40 - B (Victim Was Offender)",,40-Personal Weapons
PSP - TROOP F - EMPORIUM STATION,,,PAPSP5000,2026-06-20,,,2,Dock/Wharf/Freight/Modal Terminal,290-Destruction/Damage/Vandalism of Property,,,24-Anti-Islamic (Muslim),,1. Business,,-,,-,,-
,,,PAPSP5300,2022-06-04,,,12,Other/Unknown,13C-Intimidation,,,31-Anti-Arab,,1. M - 35 - A,,-,,"1. M - 38 - W (Victim Was Otherwise Known)
2. F - 30 - W (Relationship Unknown)",,-
PSP - TROOP F - LAMAR STATION,,,,2022-06-04,,,12,Other/Unknown,13C-Intimidation,,,31-Anti-Arab,,2. F - 33 - W,,-,,"1. M - 38 - W (Relationship Unknown)
2. F - 30 - W (Relationship Unknown)",,-
PSP - TROOP F - MANSFIELD STATION,,,,2024-10-03,,,14,Church/Synagogue/Temple/Mosque,290-Destruction/Damage/Vandalism of Property,,,82-Anti-Other Christian,,1. Business,,-,,-,,-
,,,,2023-07-11,,,8,Residence/Home,13B-Simple Assault,,,16-Anti-Native Hawaiian or Other Pacific Islander,,1. M - 13 - W,,N-None,,1. F - 34 - W (Victim Was Child),,99-None (Mutually Exclusive)
,,,PAPSP5900,2021-07-13,,,8,Highway/Road/Alley/Street/Sidewalk,290-Destruction/Damage/Vandalism of Property,,,21-Anti-Jewish,,1. Business,,-,,-,,-
,,,,2026-08-26,,,14,Commercial/Office Building,23C-Shoplifting,,,16-Anti-Native Hawaiian or Other Pacific Islander,,1. M - 48 - W,,-,,1. M - 25 - W (Victim Was Stranger),,-
PSP - TROOP F - MILTON STATION,,,,2022-06-09,,,13,Drug Store/Doctor’s Office/Hospital,13B-Simple Assault,,,62-Anti-Female,,1. F - 63 - W,,M-Apparent Minor Injury,,1. M - 26 - B (Victim Was Otherwise Known),,40-Personal Weapons
,,,,2022-06-09,,,13,Drug Store/Doctor’s Office/Hospital,13B-Simple Assault,,,62-Anti-Female,,2. M - 36 - W,,M-Apparent Minor Injury,,1. M - 26 - B (Victim Was Acquaintance),,40-Personal Weapons
,,,,2023-06-01,,,13,Government/Public Building,13C-Intimidation,,,11-Anti-White,,1. F - 33 - W,,-,,1. M - 28 - W (Victim Was Employee),,-
,,,,2023-06-01,,,13,Government/Public Building,13C-Intimidation,,,11-Anti-White,,2. F - 34 - W,,-,,1. M - 28 - W (Victim Was Acquaintance),,-
,,,,2023-06-01,,,13,Government/Public Building,13C-Intimidation,,,11-Anti-White,,3. M - 29 - W,,-,,1. M - 28 - W (Victim Was Acquaintance),,-
,,,,2023-06-01,,,13,Government/Public Building,13C-Intimidation,,,11-Anti-White,,4. M - 05 - B,,-,,1. M - 28 - W (Victim Was Stranger),,-
,,,PAPSP6000,2024-06-15,,,16,Park/Playground,290-Destruction/Damage/Vandalism of Property,,,12-Anti-Black or African American,,1. Government,,-,,-,,-
,,,,2022-05-13,,,21,Residence/Home,23F-Theft From Motor Vehicle,,,85-Anti-Sikh,,1. F - 34 - W,,-,,-,,-
PSP - TROOP F - MONTOURSVILLE STATION,,,,2022-05-13,,,21,Residence/Home,23F-Theft From Motor Vehicle,,,85-Anti-Sikh,,2. M - 35 - W,,-,,-,,-
,,,,2026-08-18,,,12,Grocery/Supermarket,13B-Simple Assault,,,24-Anti-Islamic (Muslim),,2. F - 45 - B,,M-Apparent Minor Injury,,"1. F - 58 - W (Victim Was Stranger)
2. F - 45 - B (Victim Was Offender)",,40-Personal Weapons
,,,,2024-05-20,,,5,Residence/Home,290-Destruction/Damage/Vandalism of Property,,,21-Anti-Jewish,,1. M - 33 - W,,-,,-,,-
,,,,2022-07-15,,,2,Residence/Home,13C-Intimidation,,,12-Anti-Black or African American,,1. M - 34 - B,,-,,1. M - 55 - W (Victim Was Otherwise Known),,-
,,,,2023-06-23,,,15,Other/Unknown,13B-Simple Assault,,,71-Anti-Transgender,,1. M - 39 - W,,N-None,,1. M - 45 - W (Relationship Unknown),,40-Personal Weapons
,,,PAPSP7700,2026-07-28,,,19,Grocery/Supermarket,23C-Shoplifting,,,83-Anti-Buddhist,,1. Business,,-,,-,,-
,,,PAPSP7800,2023-06-28,,,16,Jail/Prison/Penitentiary/Corrections Facility,13C-Intimidation,,,11-Anti-White,,1. F - 49 - W,,-,,1. M - 42 - B (Victim Was Otherwise Known),,-
PSP - TROOP F - SELINSGROVE STATION,,,,2023-06-28,,,16,Jail/Prison/Penitentiary/Corrections Facility,13C-Intimidation,,,11-Anti-White,,2. M - 38 - W,,-,,1. M - 42 - B (Victim Was Otherwise Known),,-
PSP - TROOP F - STONINGTON STATION,,,,2023-06-28,,,16,Jail/Prison/Penitentiary/Corrections Facility,13C-Intimidation,,,11-Anti-White,,3. M - 28 - W,,-,,1. M - 42 - B (Victim Was Otherwise Known),,-
,,,,2023-06-28,,,16,Jail/Prison/Penitentiary/Corrections Facility,13C-Intimidation,,,11-Anti-White,,4. M - 28 - W,,-,,1. M - 42 - B (Victim Was Otherwise Known),,-
,,,,2023-06-28,,,16,Jail/Prison/Penitentiary/Corrections Facility,13C-Intimidation,,,11-Anti-White,,5. M - 29 - W,,-,,1. M - 42 - B (Victim Was Otherwise Known),,-
,,,,2026-04-11,,,11,Jail/Prison/Penitentiary/Corrections Facility,13A-Aggravated Assault,,,"43-Anti-Lesbian, Gay, Bisexual, or Transgender (Mixed Group)",,1. M - 30 - B,,L-Severe Laceration,,1. M - 30 - B (Victim Was Acquaintance),,99-None (Mutually Exclusive)
,,,,2022-08-06,,,23,Highway/Road/Alley/Street/Sidewalk,13A-Aggravated Assault,,,32-Anti-Hispanic or Latino,,1. F - 34 - W,,O-Other Major Injury,,"1. M - 25 - W (Victim Was Stranger)
2. M - 45 - W (Victim Was Stranger)",,"12-Handgun
13-Rifle
14-Shotgun"
,,,,2022-08-06,,,23,Highway/Road/Alley/Street/Sidewalk,13A-Aggravated Assault,,,32-Anti-Hispanic or Latino,,2. M - 31 - W,,N-None,,"1. M - 25 - W (Victim Was Stranger)
2. M - 45 - W (Victim Was Stranger)",,"12-Handgun
13-Rifle
14-Shotgun"
,,,,2021-12-16,,,23,Residence/Home,13C-Intimidation,,,12-Anti-Black or African American,,1. U - 00 - B,,-,,1. M - 18 - W (Relationship Unknown),,-
,,,PAPSP0400,2022-07-08,,,13,Residence/Home,26F-Identity Theft,,,16-Anti-Native Hawaiian or Other Pacific Islander,,1. F - 56 - W,,-,,-,,-
,,,,2024-03-08,,,16,Residence/Home,13B-Simple Assault,,,16-Anti-Native Hawaiian or Other Pacific Islander,,1. F - 01 - W,,M-Apparent Minor Injury,,"1. F - 22 - W (Victim Was Child)
2. M - 45 - W (Victim Was Otherwise Known)",,95-Unknown
PSP - TROOP G - BEDFORD STATION,,,,2021-05-14,,,7,Liquor Store,290-Destruction/Damage/Vandalism of Property,,,16-Anti-Native Hawaiian or Other Pacific Islander,,1. F - 69 - W,,-,,-,,-
,,,,2021-12-08,,,22,Residence/Home,23G-Theft of Motor Vehicle Parts or Accessories,,,16-Anti-Native Hawaiian or Other Pacific Islander,,1. M - 62 - W,,-,,-,,-
,,,PAPSP3900,2021-07-01,,,15,Church/Synagogue/Temple/Mosque,290-Destruction/Damage/Vandalism of Property,,,82-Anti-Other Christian,,1. Religious Organization,,-,,-,,-
,,,,2021-11-07,,,9,Residence/Home,13B-Simple Assault,,,16-Anti-Native Hawaiian or Other Pacific Islander,,1. F - 29 - W,,M-Apparent Minor Injury,,1. M - 31 - W (Victim was Ex-Relationship (Ex-Boyfriend/Ex-Girlfriend)),,40-Personal Weapons
PSP - TROOP G - HOLLIDAYSBURG STATION,,,,2022-08-29,,,12,Field/Woods,290-Destruction/Damage/Vandalism of Property,,,33-Anti-Other Race/Ethnicity/Ancestry,,1. F - 59 - W,,-,,-,,-
,,,,2022-02-14,,,16,Highway/Road/Alley/Street/Sidewalk,13B-Simple Assault,,,11-Anti-White,,1. M - 35 - W,,N-None,,1. F - 28 - W (Victim was Ex-Relationship (Ex-Boyfriend/Ex-Girlfriend)),,40-Personal Weapons
,,,PAPSP4100,2021-05-23,,,20,Jail/Prison/Penitentiary/Corrections Facility,13C-Intimidation,,,71-Anti-Transgender,,1. M - 24 - B,,-,,1. M - 22 - B (Victim Was Otherwise Known),,-
,,,,2023-10-12,,,7,Government/Public Building,13C-Intimidation,,,12-Anti-Black or African American,,1. M - 52 - W,,-,,1. M - 43 - W (Victim Was Acquaintance),,-
PSP - TROOP G - HUNTINGDON STATION,,,,2023-12-01,,,12,Camp/Campground,13C-Intimidation,,,12-Anti-Black or African American,,1. F - 71 - B,,-,,-,,-
,,,,2023-12-01,,,12,Camp/Campground,13C-Intimidation,,,12-Anti-Black or African American,,2. M - 67 - W,,-,,-,,-
,,,PAPSP4900,2024-04-14,,,11,Highway/Road/Alley/Street/Sidewalk,13A-Aggravated Assault,,,85-Anti-Sikh,,1. F - 26 - W,,M-Apparent Minor Injury,,1. M - 29 - W (Victim Was Ex-Spouse),,35-Motor Vehicle/Vessel
,,,,2023-03-14,,,11,School–College/University,13B-Simple Assault,,,12-Anti-Black or African American,,1. M - 15 - B,,M-Apparent Minor Injury,,1. M - 16 - W (Victim Was Acquaintance),,40-Personal Weapons
PSP - TROOP G - LEWISTOWN STATION,,,,2023-03-14,,,11,School–College/University,290-Destruction/Damage/Vandalism of Property,,,12-Anti-Black or African American,,1. M - 15 - B,,M-Apparent Minor Injury,,1. M - 16 - W (Victim Was Acquaintance),,-
,,,,2022-06-20,,,20,Lake/Waterway/Beach,13C-Intimidation,,,32-Anti-Hispanic or Latino,,1. M - 30 - W,,-,,1. M - 41 - W (Victim Was Stranger),,-
,,,,2022-06-20,,,20,Lake/Waterway/Beach,13C-Intimidation,,,32-Anti-Hispanic or Latino,,2. M - 12 - W,,-,,1. M - 41 - W (Victim Was Stranger),,-
,,,,2022-06-20,,,20,Lake/Waterway/Beach,13C-Intimidation,,,32-Anti-Hispanic or Latino,,3. M - 16 - W,,-,,1. M - 41 - W (Victim Was Stranger),,-
,,,,2021-05-18,,,17,Highway/Road/Alley/Street/Sidewalk,13C-Intimidation,,,12-Anti-Black or African American,,1. F - 32 - W,,-,,"1. M - 40 - W (Victim Was Neighbor)
2. M - 41 - B (Victim Was Otherwise Known)",,-
,,,PAPSP5400,2023-06-10,,,10,Highway/Road/Alley/Street/Sidewalk,23H-All Other Larceny,,,11-Anti-White,,1. M - 19 - W,,-,,1. M - 33 - W (Relationship Unknown),,-
,,,PAPSP7400,2021-03-14,,,15,Residence/Home,13B-Simple Assault,,,16-Anti-Native Hawaiian or Other Pacific Islander,,1. F - 39 - W,,N-None,,1. M - 43 - W (Victim Was Boyfriend/Girlfriend),,99-None (Mutually Exclusive)
PSP - TROOP G - MCCONNELLSBURG STATION,,,PAPSP1000,2021-07-09,,,18,Jail/Prison/Penitentiary/Corrections Facility,13B-Simple Assault,,,11-Anti-White,,1. M - 29 - W,,M-Apparent Minor Injury,,1. M - 26 - W (Victim Was Otherwise Known),,40-Personal Weapons
PSP - TROOP G - ROCKVIEW STATION,,,,2023-05-24,,,14,School–Elementary/Secondary,13C-Intimidation,,,12-Anti-Black or African American,,1. M - 38 - W,,-,,1. M - 14 - W (Victim Was Acquaintance),,-
PSP - TROOP H - CARLISLE STATION,,,,2023-07-21,,,23,Highway/Road/Alley/Street/Sidewalk,23H-All Other Larceny,,,42-Anti-Lesbian (Female),,1. Business,,-,,-,,-
,,,,2023-07-21,,,23,Highway/Road/Alley/Street/Sidewalk,23H-All Other Larceny,,,42-Anti-Lesbian (Female),,2. Business,,-,,-,,-
,,,,2023-07-21,,,23,Highway/Road/Alley/Street/Sidewalk,23H-All Other Larceny,,,42-Anti-Lesbian (Female),,3. Business,,-,,-,,-
,,,,2022-10-23,,,1,School–College/University,13B-Simple Assault,,,11-Anti-White,,1. M - 18 - W,,M-Apparent Minor Injury,,-,,40-Personal Weapons
,,,,2022-10-23,,,1,School–College/University,13B-Simple Assault,,,11-Anti-White,,2. M - 18 - W,,M-Apparent Minor Injury,,-,,40-Personal Weapons
,,,,2023-01-29,,,2,Residence/Home,13B-Simple Assault,,,11-Anti-White,,1. M - 21 - W,,M-Apparent Minor Injury,,-,,40-Personal Weapons
,,,,2023-04-11,,,10,School–Elementary/Secondary,13C-Intimidation,,,21-Anti-Jewish,,1. F - 53 - W,,-,,1. M - 16 - W (Relationship Unknown),,-
,,,,2022-12-23,,,19,Residence/Home,290-Destruction/Damage/Vandalism of Property,,,12-Anti-Black or African American,,1. M - 37 - B,,-,,-,,-
,,,,2023-06-11,,,0,Church/Synagogue/Temple/Mosque,290-Destruction/Damage/Vandalism of Property,,,82-Anti-Other Christian,,1. Religious Organization,,-,,-,,-
,,,,2021-10-13,,,14,Highway/Road/Alley/Street/Sidewalk,13B-Simple Assault,,,12-Anti-Black or African American,,1. F - 12 - W,,M-Apparent Minor Injury,,"1. F - 15 - B (Victim Was Neighbor)
2. F - 14 - B (Victim Was Otherwise Known)",,40-Personal Weapons
,,,,2021-05-20,,,15,Residence/Home,13C-Intimidation,,,12-Anti-Black or African American,,1. F - 14 - B,,-,,1. F - 11 - W (Victim Was Neighbor),,-
,,,,2025-01-07,,,12,Residence/Home,36A-Incest,,,62-Anti-Female,,1. F - 34 - W,,-,,1. M - 61 - W (Victim Was Child),,-
,,,,2023-10-24,,,15,Residence/Home,13A-Aggravated Assault,,,32-Anti-Hispanic or Latino,,1. M - 14 - W,,M-Apparent Minor Injury,,1. M - 14 - W (Victim Was Acquaintance),,30-Blunt Object
,,,,2023-10-24,,,15,Residence/Home,13A-Aggravated Assault,,,32-Anti-Hispanic or Latino,,2. M - 10 - W,,M-Apparent Minor Injury,,1. M - 14 - W (Victim Was Otherwise Known),,30-Blunt Object
,,,,2023-10-04,,,17,School–Elementary/Secondary,11D-Fondling,,,62-Anti-Female,,1. F - 12 - W,,N-None,,1. M - 14 - W (Victim Was Stranger),,40-Personal Weapons
,,,PAPSP1200,2024-12-19,,,12,Residence/Home,13C-Intimidation,,,"43-Anti-Lesbian, Gay, Bisexual, or Transgender (Mixed Group)",,1. M - 50 - W,,-,,1. M - 38 - W (Victim Was Otherwise Known),,-
,,,,2024-12-19,,,12,Residence/Home,13C-Intimidation,,,"43-Anti-Lesbian, Gay, Bisexual, or Transgender (Mixed Group)",,2. M - 50 - W,,-,,1. M - 38 - W (Victim Was Otherwise Known),,-
PSP - TROOP H - CHAMBERSBURG STATION,,,,2022-01-19,,,0,Residence/Home,13B-Simple Assault,,,12-Anti-Black or African American,,1. M - 00 - W,,M-Apparent Minor Injury,,1. M - 29 - W (Victim Was Stranger),,40-Personal Weapons
,,,,2022-01-19,,,0,Residence/Home,13B-Simple Assault,,,12-Anti-Black or African American,,2. M - 00 - W,,N-None,,1. M - 29 - W (Victim Was Stranger),,40-Personal Weapons
,,,,2022-01-19,,,0,Residence/Home,13B-Simple Assault,,,12-Anti-Black or African American,,3. M - 00 - W,,M-Apparent Minor Injury,,1. M - 29 - W (Victim Was Stranger),,40-Personal Weapons
,,,,2022-01-19,,,0,Residence/Home,13B-Simple Assault,,,12-Anti-Black or African American,,4. M - 00 - B,,M-Apparent Minor Injury,,1. M - 29 - W (Victim Was Stranger),,40-Personal Weapons
,,,,2022-02-19,,,16,Residence/Home,13C-Intimidation,,,12-Anti-Black or African American,,1. F - 34 - W,,-,,1. M - 24 - W (Victim Was Stranger),,-
,,,,2022-02-19,,,16,Residence/Home,13C-Intimidation,,,12-Anti-Black or African American,,2. F - 14 - W,,-,,1. M - 24 - W (Victim Was Stranger),,-
,,,,2022-08-26,,,15,Residence/Home,13B-Simple Assault,,,12-Anti-Black or African American,,1. M - 13 - B,,N-None,,"1. M - 13 - B (Victim Was Offender)
2. M - 13 - B (Victim Was Otherwise Known)",,99-None (Mutually Exclusive)
,,,,2022-08-26,,,15,Residence/Home,13B-Simple Assault,,,12-Anti-Black or African American,,2. M - 13 - B,,N-None,,"1. M - 13 - B (Victim Was Acquaintance)
2. M - 13 - B (Victim Was Offender)",,99-None (Mutually Exclusive)
,,,,2022-04-07,,,12,Jail/Prison/Penitentiary/Corrections Facility,13B-Simple Assault,,,"43-Anti-Lesbian, Gay, Bisexual, or Transgender (Mixed Group)",,1. M - 19 - W,,M-Apparent Minor Injury,,1. M - 18 - B (Victim Was Acquaintance),,40-Personal Weapons
,,,,2023-09-13,,,14,Jail/Prison/Penitentiary/Corrections Facility,13B-Simple Assault,,,71-Anti-Transgender,,1. M - 20 - W,,M-Apparent Minor Injury,,1. M - 16 - B (Victim Was Otherwise Known),,40-Personal Weapons
,,,,2026-04-09,,,0,Parking/Drop Lot/Garage,290-Destruction/Damage/Vandalism of Property,,,21-Anti-Jewish,,1. Other,,-,,-,,-
,,,,2026-04-28,,,15,Residence/Home,13B-Simple Assault,,,12-Anti-Black or African American,,1. F - 46 - W,,M-Apparent Minor Injury,,1. M - 55 - W (Victim Was Acquaintance),,40-Personal Weapons
,,,,2026-04-28,,,15,Residence/Home,13B-Simple Assault,,,12-Anti-Black or African American,,2. M - 22 - B,,M-Apparent Minor Injury,,1. M - 55 - W (Victim Was Stranger),,40-Personal Weapons
,,,,2026-04-28,,,15,Residence/Home,13B-Simple Assault,,,12-Anti-Black or African American,,3. F - 17 - W,,N-None,,1. M - 55 - W (Victim Was Stranger),,40-Personal Weapons
,,,,2021-04-20,,,22,Drug Store/Doctor’s Office/Hospital,13B-Simple Assault,,,42-Anti-Lesbian (Female),,1. F - 15 - W,,N-None,,"1. F - 16 - W (Victim Was Acquaintance)
2. F - 13 - W (Victim Was Acquaintance)",,40-Personal Weapons
,,,,2022-10-17,,,13,Other/Unknown,13C-Intimidation,,,"43-Anti-Lesbian, Gay, Bisexual, or Transgender (Mixed Group)",,1. F - 46 - W,,-,,1. M - 51 - W (Victim Was Stranger),,-
,,,,2023-05-14,,,20,Government/Public Building,13B-Simple Assault,,,"43-Anti-Lesbian, Gay, Bisexual, or Transgender (Mixed Group)",,1. M - 29 - W,,M-Apparent Minor Injury,,1. M - 31 - B (Victim Was Otherwise Known),,90-Other
,,,PAPSP3100,2025-10-04,,,20,Parking/Drop Lot/Garage,13B-Simple Assault,,,31-Anti-Arab,,1. M - 14 - W,,M-Apparent Minor Injury,,"1. M - 14 - W (Victim Was Offender)
2. M - 16 - W (Victim Was Acquaintance)",,40-Personal Weapons
,,,,2025-10-04,,,20,Parking/Drop Lot/Garage,13B-Simple Assault,,,31-Anti-Arab,,2. M - 16 - W,,N-None,,"1. M - 14 - W (Victim Was Acquaintance)
2. M - 16 - W (Victim Was Offender)",,40-Personal Weapons
PSP - TROOP H - GETTYSBURG STATION,,,,2022-06-01,,,15,Residence/Home,13C-Intimidation,,,14-Anti-Asian,,1. F - 65 - W,,-,,-,,-
,,,,2022-06-01,,,15,Residence/Home,13C-Intimidation,,,14-Anti-Asian,,2. M - 59 - A,,-,,-,,-
,,,,2022-06-01,,,15,Residence/Home,220-Burglary/Breaking and Entering,,,14-Anti-Asian,,1. F - 65 - W,,-,,-,,-
,,,,2022-06-01,,,15,Residence/Home,220-Burglary/Breaking and Entering,,,14-Anti-Asian,,2. M - 59 - A,,-,,-,,-
,,,,2021-06-21,,,7,Other/Unknown,290-Destruction/Damage/Vandalism of Property,,,"43-Anti-Lesbian, Gay, Bisexual, or Transgender (Mixed Group)",,1. Business,,-,,-,,-
,,,,2025-09-24,,,16,Church/Synagogue/Temple/Mosque,220-Burglary/Breaking and Entering,,,28-Anti-Church of Jesus Christ,,1. Religious Organization,,-,,-,,-
,,,PAPSP3600,2025-05-21,,,0,Church/Synagogue/Temple/Mosque,13C-Intimidation,,,29-Anti-Jehovah’s Witness,,1. M - 35 - W,,-,,1. M - 50 - W (Victim Was Stranger),,-
,,,,2026-05-18,,,18,Cyberspace,13C-Intimidation,,,21-Anti-Jewish,,1. F - 40 - W,,-,,-,,-
PSP - TROOP H - HARRISBURG STATION,,,,2026-07-19,,,17,Parking/Drop Lot/Garage,13B-Simple Assault,,,12-Anti-Black or African American,,1. M - 48 - B,,M-Apparent Minor Injury,,1. M - 31 - W (Relationship Unknown),,40-Personal Weapons
,,,,2023-01-23,,,8,Abandoned/Condemned Structure,290-Destruction/Damage/Vandalism of Property,,,12-Anti-Black or African American,,1. Business,,-,,-,,-
,,,,2026-07-07,,,14,Government/Public Building,13C-Intimidation,,,21-Anti-Jewish,,1. M - 53 - W,,-,,1. M - 65 - W (Victim Was Stranger),,-
,,,,2026-07-07,,,14,Government/Public Building,13C-Intimidation,,,21-Anti-Jewish,,2. F - 49 - W,,-,,1. M - 65 - W (Victim Was Stranger),,-
,,,,2026-08-05,,,21,Government/Public Building,13C-Intimidation,,,12-Anti-Black or African American,,1. M - 56 - B,,-,,1. M - 59 - W (Victim Was Stranger),,-
,,,,2021-01-29,,,5,Government/Public Building,13C-Intimidation,,,11-Anti-White,,1. M - 40 - W,,-,,-,,-
,,,,2021-01-29,,,5,Government/Public Building,13C-Intimidation,,,11-Anti-White,,2. F - 40 - W,,-,,-,,-
,,,,2022-06-17,,,15,Commercial/Office Building,13C-Intimidation,,,11-Anti-White,,1. M - 52 - W,,-,,1. M - 31 - B (Relationship Unknown),,-
,,,PAPSP5100,2024-01-11,,,14,Residence/Home,13C-Intimidation,,,21-Anti-Jewish,,1. M - 24 - W,,-,,1. M - 20 - B (Victim Was Stranger),,-
,,,PAPSP1800,2021-10-18,,,19,Jail/Prison/Penitentiary/Corrections Facility,13B-Simple Assault,,,12-Anti-Black or African American,,1. M - 29 - B,,N-None,,1. M - 20 - W (Victim Was Acquaintance),,40-Personal Weapons
PSP - TROOP H - LYKENS STATION,,,,2022-06-17,,,23,Residence/Home,290-Destruction/Damage/Vandalism of Property,,,41-Anti-Gay (Male),,1. M - 42 - W,,-,,-,,-
PSP - TROOP H - NEWPORT STATION,,,,2023-02-07,,,20,Residence/Home,13B-Simple Assault,,,85-Anti-Sikh,,1. F - 38 - W,,M-Apparent Minor Injury,,1. M - 46 - W (Victim Was Spouse),,40-Personal Weapons
,,,,2024-10-27,,,10,Parking/Drop Lot/Garage,290-Destruction/Damage/Vandalism of Property,,,16-Anti-Native Hawaiian or Other Pacific Islander,,1. M - 70 - W,,-,,1. F - 21 - W (Relationship Unknown),,-
,,,,2022-04-06,,,8,School–Elementary/Secondary,13C-Intimidation,,,33-Anti-Other Race/Ethnicity/Ancestry,,1. F - 17 - B,,-,,"1. M - 17 - W (Victim Was Acquaintance)
2. M - 17 - W (Victim Was Acquaintance)
3. M - 17 - W (Victim Was Acquaintance)",,-
,,,,2023-05-16,,,16,School/College,13B-Simple Assault,,,12-Anti-Black or African American,,1. M - 14 - W,,M-Apparent Minor Injury,,-,,40-Personal Weapons
,,,,2021-07-02,,,9,Residence/Home,13B-Simple Assault,,,42-Anti-Lesbian (Female),,1. F - 44 - W,,N-None,,1. M - 77 - W (Victim Was Neighbor),,99-None (Mutually Exclusive)
,,,,2021-07-02,,,9,Residence/Home,13B-Simple Assault,,,42-Anti-Lesbian (Female),,2. M - 72 - W,,N-None,,1. M - 77 - W (Victim Was Neighbor),,99-None (Mutually Exclusive)
,,,,2023-04-03,,,13,School/College,13C-Intimidation,,,"43-Anti-Lesbian, Gay, Bisexual, or Transgender (Mixed Group)",,1. M - 46 - W,,-,,1. M - 16 - W (Victim Was Other Family Member),,-
,,,PAPSP0200,2023-03-29,,,14,School–Elementary/Secondary,13C-Intimidation,,,"43-Anti-Lesbian, Gay, Bisexual, or Transgender (Mixed Group)",,1. M - 15 - W,,-,,1. M - 14 - W (Victim Was Otherwise Known),,-
,,,,2021-09-06,,,10,Parking/Drop Lot/Garage,290-Destruction/Damage/Vandalism of Property,,,12-Anti-Black or African American,,1. Business,,-,,-,,-
PSP - TROOP J - AVONDALE STATION,,,,2021-10-17,,,11,Church/Synagogue/Temple/Mosque,290-Destruction/Damage/Vandalism of Property,,,82-Anti-Other Christian,,1. Business,,-,,-,,-
,,,,2022-04-01,,,10,School–Elementary/Secondary,13B-Simple Assault,,,12-Anti-Black or African American,,1. M - 14 - B,,N-None,,"1. M - 14 - B (Victim Was Offender)
2. M - 15 - W (Victim Was Otherwise Known)",,40-Personal Weapons
,,,,2022-04-01,,,10,School–Elementary/Secondary,13B-Simple Assault,,,12-Anti-Black or African American,,2. M - 15 - W,,N-None,,"1. M - 14 - B (Victim Was Otherwise Known)
2. M - 15 - W (Victim Was Offender)",,40-Personal Weapons
,,,,2023-10-21,,,11,Residence/Home,290-Destruction/Damage/Vandalism of Property,,,"43-Anti-Lesbian, Gay, Bisexual, or Transgender (Mixed Group)",,1. M - 24 - W,,-,,-,,-
,,,,2023-07-05,,,8,Government/Public Building,13B-Simple Assault,,,12-Anti-Black or African American,,1. M - 00 - W,,N-None,,1. F - 31 - W (Victim Was Stranger),,40-Personal Weapons
,,,,2024-04-16,,,14,School–College/University,13C-Intimidation,,,"15-Anti-Multiple Races, Group",,1. F - 57 - W,,-,,"1. M - 14 - W (Victim Was Otherwise Known)
2. M - 14 - W (Victim Was Otherwise Known)",,-
,,,,2024-04-16,,,14,School–College/University,13C-Intimidation,,,"15-Anti-Multiple Races, Group",,2. F - 13 - W,,-,,"1. M - 14 - W (Victim Was Acquaintance)
2. M - 14 - W (Victim Was Acquaintance)",,-
,,,,2024-10-04,,,15,School–College/University,13C-Intimidation,,,11-Anti-White,,1. F - 53 - W,,-,,1. M - 38 - W (Victim Was Stranger),,-
,,,,2024-10-04,,,15,School–College/University,13C-Intimidation,,,11-Anti-White,,2. F - 63 - W,,-,,1. M - 38 - W (Victim Was Stranger),,-
,,,,2024-10-04,,,15,School–College/University,13C-Intimidation,,,11-Anti-White,,3. F - 60 - W,,-,,1. M - 38 - W (Victim Was Stranger),,-
,,,,2024-10-04,,,15,School–College/University,13C-Intimidation,,,11-Anti-White,,4. F - 48 - W,,-,,1. M - 38 - W (Victim Was Stranger),,-
,,,,2024-02-20,,,8,Highway/Road/Alley/Street/Sidewalk,290-Destruction/Damage/Vandalism of Property,,,82-Anti-Other Christian,,1. M - 27 - W,,-,,1. M - 60 - W (Victim Was Acquaintance),,-
,,,,2025-01-07,,,10,Grocery/Supermarket,13C-Intimidation,,,12-Anti-Black or African American,,1. F - 59 - B,,-,,1. M - 66 - W (Victim Was Stranger),,-
,,,,2025-01-07,,,10,Grocery/Supermarket,13C-Intimidation,,,12-Anti-Black or African American,,2. M - 58 - B,,-,,1. M - 66 - W (Victim Was Stranger),,-
,,,,2023-08-10,,,18,Highway/Road/Alley/Street/Sidewalk,290-Destruction/Damage/Vandalism of Property,,,14-Anti-Asian,,1. M - 48 - A,,-,,1. M - 38 - W (Victim Was Neighbor),,-
,,,,2024-12-03,,,9,Church/Synagogue/Temple/Mosque,290-Destruction/Damage/Vandalism of Property,,,82-Anti-Other Christian,,1. Business,,-,,-,,-
,,,PAPSP2700,2026-06-08,,,18,Other/Unknown,13C-Intimidation,,,12-Anti-Black or African American,,1. M - 70 - B,,-,,1. M - 71 - W (Victim Was Otherwise Known),,-
,,,,2026-06-08,,,18,Other/Unknown,13C-Intimidation,,,12-Anti-Black or African American,,2. M - 00 - B,,-,,1. M - 71 - W (Victim Was Otherwise Known),,-
PSP - TROOP J - EMBREEVILLE STATION,,,,2024-06-04,,,20,Highway/Road/Alley/Street/Sidewalk,290-Destruction/Damage/Vandalism of Property,,,21-Anti-Jewish,,1. Government,,-,,-,,-
,,,,2024-12-06,,,16,Residence/Home,13A-Aggravated Assault,,,51-Anti-Physical Disability,,1. F - 87 - W,,"I-Possible Internal Injury
O-Other Major Injury
U-Unconsciousness",,1. F - 67 - W (Victim Was Parent),,95-Unknown
,,,,2026-04-08,,,10,Residence/Home,290-Destruction/Damage/Vandalism of Property,,,21-Anti-Jewish,,1. F - 24 - W,,-,,-,,-
,,,,2021-05-03,,,0,Park/Playground,290-Destruction/Damage/Vandalism of Property,,,12-Anti-Black or African American,,1. M - 71 - W,,-,,-,,-
,,,,2021-01-20,,,20,Residence/Home,13C-Intimidation,,,42-Anti-Lesbian (Female),,1. F - 19 - W,,-,,1. M - 65 - W (Victim Was Step-child),,-
,,,,2023-06-07,,,18,Other/Unknown,13C-Intimidation,,,"43-Anti-Lesbian, Gay, Bisexual, or Transgender (Mixed Group)",,1. F - 23 - W,,-,,1. M - 14 - W (Victim Was Stranger),,-
,,,,2023-06-07,,,18,Other/Unknown,290-Destruction/Damage/Vandalism of Property,,,"43-Anti-Lesbian, Gay, Bisexual, or Transgender (Mixed Group)",,2. F - 29 - W,,-,,1. M - 14 - W (Victim Was Stranger),,-
,,,,2023-06-07,,,18,Other/Unknown,290-Destruction/Damage/Vandalism of Property,,,"43-Anti-Lesbian, Gay, Bisexual, or Transgender (Mixed Group)",,3. Business,,-,,-,,-
,,,,2023-06-07,,,18,Other/Unknown,290-Destruction/Damage/Vandalism of Property,,,"43-Anti-Lesbian, Gay, Bisexual, or Transgender (Mixed Group)",,4. Business,,-,,-,,-
,,,PAPSP4700,2021-01-10,,,15,Residence/Home,290-Destruction/Damage/Vandalism of Property,,,12-Anti-Black or African American,,1. M - 51 - W,,-,,-,,-
,,,,2022-02-14,,,13,Government/Public Building,13B-Simple Assault,,,11-Anti-White,,1. M - 00 - W,,M-Apparent Minor Injury,,1. F - 51 - B (Victim Was Stranger),,40-Personal Weapons
PSP - TROOP J - LANCASTER STATION,,,,2022-05-26,,,8,Highway/Road/Alley/Street/Sidewalk,13B-Simple Assault,,,12-Anti-Black or African American,,1. M - 35 - B,,M-Apparent Minor Injury,,1. M - 47 - W (Victim Was Acquaintance),,40-Personal Weapons
,,,,2022-02-26,,,23,Residence/Home,290-Destruction/Damage/Vandalism of Property,,,41-Anti-Gay (Male),,1. M - 36 - W,,-,,-,,-
,,,,2022-02-26,,,23,Residence/Home,290-Destruction/Damage/Vandalism of Property,,,41-Anti-Gay (Male),,2. M - 38 - W,,-,,-,,-
,,,PAPSP9400,2021-05-30,,,12,Residence/Home,13B-Simple Assault,,,32-Anti-Hispanic or Latino,,1. F - 40 - W,,N-None,,1. M - 30 - B (Victim Was Acquaintance),,40-Personal Weapons
,,,,2023-01-21,,,0,Jail/Prison/Penitentiary/Corrections Facility,13C-Intimidation,,,12-Anti-Black or African American,,1. F - 55 - W,,-,,1. M - 33 - W (Victim Was Acquaintance),,-
PSP - TROOP J - YORK STATION,,,,2023-01-21,,,0,Jail/Prison/Penitentiary/Corrections Facility,13C-Intimidation,,,12-Anti-Black or African American,,2. F - 33 - B,,-,,1. M - 33 - W (Victim Was Acquaintance),,-
,,,,2023-12-26,,,16,Highway/Road/Alley/Street/Sidewalk,290-Destruction/Damage/Vandalism of Property,,,12-Anti-Black or African American,,1. Business,,-,,-,,-
,,,PAPSP5600,2024-05-16,,,17,Government/Public Building,13C-Intimidation,,,21-Anti-Jewish,,1. M - 50 - W,,-,,-,,-
,,,,2022-09-13,,,16,Highway/Road/Alley/Street/Sidewalk,13C-Intimidation,,,12-Anti-Black or African American,,1. F - 48 - W,,-,,1. M - 33 - W (Victim Was Stranger),,-
PSP - TROOP K - MEDIA STATION,,,,2022-07-22,,,1,Residence/Home,13B-Simple Assault,,,11-Anti-White,,1. F - 31 - W,,N-None,,1. F - 27 - B (Victim Was Stranger),,40-Personal Weapons
,,,,2022-07-22,,,1,Residence/Home,13B-Simple Assault,,,11-Anti-White,,2. M - 40 - W,,N-None,,1. F - 27 - B (Victim Was Stranger),,40-Personal Weapons
,,,,2023-11-30,,,9,Church/Synagogue/Temple/Mosque,13C-Intimidation,,,21-Anti-Jewish,,1. M - 66 - W,,-,,-,,-
,,,,2024-09-08,,,14,Park/Playground,290-Destruction/Damage/Vandalism of Property,,,"15-Anti-Multiple Races, Group",,1. Business,,-,,-,,-
,,,,2025-06-05,,,12,School–College/University,13B-Simple Assault,,,12-Anti-Black or African American,,1. F - 55 - B,,N-None,,1. M - 20 - W (Victim Was Stranger),,40-Personal Weapons
,,,,2025-06-05,,,12,School–College/University,13B-Simple Assault,,,12-Anti-Black or African American,,2. M - 50 - W,,N-None,,1. M - 20 - W (Relationship Unknown),,40-Personal Weapons
,,,,2025-06-21,,,19,Highway/Road/Alley/Street/Sidewalk,13B-Simple Assault,,,11-Anti-White,,1. F - 33 - B,,N-None,,1. M - 39 - W (Relationship Unknown),,95-Unknown
,,,,2025-06-21,,,19,Highway/Road/Alley/Street/Sidewalk,13B-Simple Assault,,,11-Anti-White,,2. M - 30 - B,,N-None,,1. M - 39 - W (Relationship Unknown),,95-Unknown
,,,PAPSP6500,2021-05-17,,,19,Highway/Road/Alley/Street/Sidewalk,13C-Intimidation,,,12-Anti-Black or African American,,1. M - 24 - B,,-,,1. M - 49 - W (Victim Was Stranger),,-
,,,,2024-04-14,,,16,Highway/Road/Alley/Street/Sidewalk,13C-Intimidation,,,12-Anti-Black or African American,,1. F - 27 - B,,-,,1. M - 57 - W (Victim Was Stranger),,-
PSP - TROOP K - PHILADELPHIA STATION,,,,2024-04-14,,,16,Highway/Road/Alley/Street/Sidewalk,13C-Intimidation,,,12-Anti-Black or African American,,2. M - 31 - B,,-,,1. M - 57 - W (Victim Was Stranger),,-
,,,,2024-04-14,,,16,Highway/Road/Alley/Street/Sidewalk,13C-Intimidation,,,12-Anti-Black or African American,,3. F - 09 - B,,-,,1. M - 57 - W (Victim Was Stranger),,-
,,,,2024-04-14,,,16,Highway/Road/Alley/Street/Sidewalk,13C-Intimidation,,,12-Anti-Black or African American,,4. M - 09 - B,,-,,1. M - 57 - W (Victim Was Stranger),,-
,,,,2024-04-14,,,16,Highway/Road/Alley/Street/Sidewalk,13C-Intimidation,,,12-Anti-Black or African American,,5. F - 06 - B,,-,,1. M - 57 - W (Victim Was Stranger),,-
,,,,2024-04-14,,,16,Highway/Road/Alley/Street/Sidewalk,13C-Intimidation,,,12-Anti-Black or African American,,6. M - 03 - B,,-,,1. M - 57 - W (Victim Was Stranger),,-
,,,,2021-09-18,,,14,Highway/Road/Alley/Street/Sidewalk,13C-Intimidation,,,11-Anti-White,,1. M - 47 - W,,-,,1. M - 45 - B (Victim Was Stranger),,-
,,,,2021-09-18,,,14,Highway/Road/Alley/Street/Sidewalk,13C-Intimidation,,,11-Anti-White,,2. F - 46 - W,,-,,1. M - 45 - B (Victim Was Stranger),,-
,,,,2022-04-25,,,6,Highway/Road/Alley/Street/Sidewalk,13C-Intimidation,,,85-Anti-Sikh,,1. M - 61 - A,,-,,1. M - 57 - W (Victim Was Stranger),,-
,,,,2023-03-07,,,23,Gambling Facility/Casino/Race Track,23H-All Other Larceny,,,16-Anti-Native Hawaiian or Other Pacific Islander,,1. F - 70 - B,,-,,-,,-
,,,PAPSP7600,2023-11-30,,,19,Residence/Home,200-Arson,,,21-Anti-Jewish,,1. F - 99 - W,,-,,1. F - 35 - W (Victim Was Otherwise Known),,-
,,,,2023-11-30,,,19,Residence/Home,200-Arson,,,21-Anti-Jewish,,2. F - 35 - W,,-,,1. F - 35 - W (Victim was Ex-Relationship (Ex-Boyfriend/Ex-Girlfriend)),,-
PSP - TROOP K - SKIPPACK STATION,,,,2023-09-21,,,11,School–College/University,13C-Intimidation,,,71-Anti-Transgender,,1. M - 00 - W,,-,,-,,-
,,,,2026-05-29,,,14,Park/Playground,290-Destruction/Damage/Vandalism of Property,,,21-Anti-Jewish,,1. M - 50 - W,,-,,-,,-
,,,,2021-09-28,,,13,School–College/University,13B-Simple Assault,,,32-Anti-Hispanic or Latino,,1. M - 15 - W,,N-None,,1. F - 14 - W (Victim Was Acquaintance),,40-Personal Weapons
,,,,2022-08-16,,,21,Park/Playground,290-Destruction/Damage/Vandalism of Property,,,"15-Anti-Multiple Races, Group",,1. Government,,-,,-,,-
,,,,2021-10-23,,,13,Residence/Home,290-Destruction/Damage/Vandalism of Property,,,"43-Anti-Lesbian, Gay, Bisexual, or Transgender (Mixed Group)",,1. F - 55 - W,,-,,-,,-
,,,,2021-05-02,,,13,Lake/Waterway/Beach,13B-Simple Assault,,,"43-Anti-Lesbian, Gay, Bisexual, or Transgender (Mixed Group)",,1. M - 13 - W,,N-None,,1. F - 16 - B (Victim Was Stranger),,40-Personal Weapons
,,,,2022-11-30,,,19,Residence/Home,23H-All Other Larceny,,,16-Anti-Native Hawaiian or Other Pacific Islander,,1. F - 66 - W,,-,,-,,-
,,,PAPSP3500,2021-11-09,,,10,Parking/Drop Lot/Garage,13B-Simple Assault,,,12-Anti-Black or African American,,1. M - 50 - B,,N-None,,1. M - 48 - W (Relationship Unknown),,99-None (Mutually Exclusive)
,,,PAPSP4300,2022-05-24,,,12,Commercial/Office Building,13C-Intimidation,,,25-Anti-Other Religion,,1. M - 50 - W,,-,,-,,-
PSP - TROOP L - HAMBURG STATION,,,,2022-05-24,,,12,Commercial/Office Building,13C-Intimidation,,,25-Anti-Other Religion,,2. F - 53 - W,,-,,-,,-
PSP - TROOP L - JONESTOWN STATION,,,,2022-12-29,,,10,Church/Synagogue/Temple/Mosque,290-Destruction/Damage/Vandalism of Property,,,22-Anti-Catholic,,1. Business,,-,,-,,-
,,,PAPSP7200,2026-01-03,,,12,Church/Synagogue/Temple/Mosque,290-Destruction/Damage/Vandalism of Property,,,82-Anti-Other Christian,,1. Business,,-,,-,,-
,,,,2021-06-27,,,21,Residence/Home,13B-Simple Assault,,,32-Anti-Hispanic or Latino,,1. F - 61 - W,,N-None,,"1. F - 61 - W (Victim Was Offender)
2. F - 44 - B (Victim Was Acquaintance)",,40-Personal Weapons
PSP - TROOP L - READING STATION,,,,2021-06-27,,,21,Residence/Home,13B-Simple Assault,,,32-Anti-Hispanic or Latino,,2. F - 44 - B,,N-None,,"1. F - 61 - W (Victim Was Acquaintance)
2. F - 44 - B (Victim Was Offender)",,40-Personal Weapons
,,,,2021-11-19,,,14,Government/Public Building,13B-Simple Assault,,,16-Anti-Native Hawaiian or Other Pacific Islander,,1. M - 18 - W,,N-None,,"1. M - 18 - W (Victim Was Offender)
2. M - 16 - W (Victim Was Otherwise Known)",,99-None (Mutually Exclusive)
,,,,2021-11-19,,,14,Government/Public Building,13B-Simple Assault,,,16-Anti-Native Hawaiian or Other Pacific Islander,,2. M - 16 - W,,N-None,,"1. M - 18 - W (Relationship Unknown)
2. M - 16 - W (Victim Was Offender)",,99-None (Mutually Exclusive)
,,,,2021-09-27,,,9,School–College/University,13B-Simple Assault,,,11-Anti-White,,1. M - 15 - W,,M-Apparent Minor Injury,,"1. F - 39 - B (Victim Was Acquaintance)
2. M - 16 - B (Victim Was Acquaintance)",,40-Personal Weapons
,,,,2021-11-17,,,12,Residence/Home,13C-Intimidation,,,21-Anti-Jewish,,1. M - 64 - W,,-,,1. M - 31 - W (Victim Was Acquaintance),,-
,,,,2021-11-17,,,12,Residence/Home,13C-Intimidation,,,21-Anti-Jewish,,2. F - 59 - W,,-,,1. M - 31 - W (Victim Was Acquaintance),,-
,,,,2021-04-23,,,3,Bar/Nightclub,120-Robbery,,,12-Anti-Black or African American,,1. M - 55 - W,,M-Apparent Minor Injury,,"1. M - 0 - B (Victim Was Stranger)
2. M - 0 - B (Victim Was Stranger)
3. M - 0 - B (Victim Was Stranger)
4. M - 0 - B (Victim Was Stranger)
5. M - 0 - B (Victim Was Stranger)
6. M - 0 - B (Victim Was Stranger)
7. M - 0 - B (Victim Was Stranger)
8. M - 0 - B (Victim Was Stranger)
9. M - 0 - B (Victim Was Stranger)
10. M - 0 - B (Victim Was Stranger)",,40-Personal Weapons
,,,PAPSP7500,2025-09-23,,,14,Residence/Home,13C-Intimidation,,,12-Anti-Black or African American,,1. F - 48 - B,,-,,1. M - 43 - W (Victim Was Neighbor),,-
,,,,2021-02-19,,,13,Residence/Home,290-Destruction/Damage/Vandalism of Property,,,16-Anti-Native Hawaiian or Other Pacific Islander,,1. F - 39 - B,,-,,1. M - 23 - W (Victim Was Acquaintance),,-
PSP - TROOP L - SCHUYLKILL HAVEN STATION,,,,2024-06-27,,,14,Service/Gas Station,270-Embezzlement,,,16-Anti-Native Hawaiian or Other Pacific Islander,,1. Business,,-,,-,,-
,,,,2025-03-26,,,15,Residence/Home,13A-Aggravated Assault,,,12-Anti-Black or African American,,1. F - 27 - B,,N-None,,1. M - 58 - W (Victim Was Stranger),,20-Knife/Cutting Instrument
,,,,2025-05-18,,,11,School–College/University,13C-Intimidation,,,"43-Anti-Lesbian, Gay, Bisexual, or Transgender (Mixed Group)",,1. M - 17 - W,,-,,1. M - 17 - W (Victim Was Friend),,-
,,,PAPSP0600,2024-05-14,,,20,Daycare Facility,270-Embezzlement,,,52-Anti-Mental Disability,,1. F - 71 - W,,-,,1. F - 21 - B (Victim Was Acquaintance),,-
,,,,2022-11-04,,,10,School–College/University,290-Destruction/Damage/Vandalism of Property,,,21-Anti-Jewish,,1. Business,,-,,-,,-
PSP - TROOP M - BETHLEHEM STATION,,,,2026-06-07,,,16,Arena/Stadium/Fairgrounds/Coliseum,290-Destruction/Damage/Vandalism of Property,,,"12-Anti-Black or African American
21-Anti-Jewish",,1. Government,,-,,-,,-
,,,,2024-03-14,,,7,Residence/Home,270-Embezzlement,,,52-Anti-Mental Disability,,1. F - 44 - W,,-,,1. F - 67 - W (Victim Was Otherwise Known),,-
,,,PAPSP2900,2025-01-20,,,12,Other/Unknown,13C-Intimidation,,,11-Anti-White,,1. F - 37 - W,,-,,-,,-
,,,,2023-12-10,,,10,Residence/Home,13B-Simple Assault,,,16-Anti-Native Hawaiian or Other Pacific Islander,,1. F - 50 - W,,N-None,,"1. F - 50 - W (Victim Was Offender)
2. M - 46 - W (Victim Was Spouse)",,40-Personal Weapons
PSP - TROOP M - FOGELSVILLE STATION,,,,2023-12-10,,,10,Residence/Home,13B-Simple Assault,,,16-Anti-Native Hawaiian or Other Pacific Islander,,2. M - 46 - W,,M-Apparent Minor Injury,,"1. F - 50 - W (Victim Was Spouse)
2. M - 46 - W (Victim Was Offender)",,40-Personal Weapons
,,,PAPSP0700,2021-11-01,,,16,Residence/Home,13B-Simple Assault,,,16-Anti-Native Hawaiian or Other Pacific Islander,,1. M - 25 - W,,M-Apparent Minor Injury,,1. M - 33 - W (Victim Was Sibling),,40-Personal Weapons
,,,PAPSP2800,2021-10-28,,,21,Parking/Drop Lot/Garage,290-Destruction/Damage/Vandalism of Property,,,12-Anti-Black or African American,,1. Business,,-,,-,,-
PSP - TROOP N - BLOOMSBURG STATION,,,,2024-04-17,,,11,Grocery/Supermarket,23C-Shoplifting,,,85-Anti-Sikh,,1. Business,,-,,-,,-
PSP - TROOP N - FERN RIDGE STATION,,,,2023-03-30,,,16,School–College/University,13B-Simple Assault,,,12-Anti-Black or African American,,1. F - 25 - B,,N-None,,"1. F - 25 - B (Victim Was Offender)
2. M - 14 - B (Victim Was Friend)",,90-Other
,,,,2023-03-30,,,16,School–College/University,13B-Simple Assault,,,12-Anti-Black or African American,,2. M - 14 - B,,M-Apparent Minor Injury,,"1. F - 25 - B (Victim Was Friend)
2. M - 14 - B (Victim Was Offender)",,90-Other
,,,PAPSP4800,2023-10-23,,,12,Residence/Home,13C-Intimidation,,,21-Anti-Jewish,,1. F - 36 - W,,-,,1. M - 39 - W (Victim Was Common-Law Spouse),,-
,,,,2023-08-21,,,13,Church/Synagogue/Temple/Mosque,220-Burglary/Breaking and Entering,,,12-Anti-Black or African American,,1. Religious Organization,,-,,-,,-
PSP - TROOP N - LEHIGHTON STATION,,,PAPSP8300,2021-06-13,,,20,Highway/Road/Alley/Street/Sidewalk,13A-Aggravated Assault,,,32-Anti-Hispanic or Latino,,1. F - 24 - W,,N-None,,1. M - 25 - W (Relationship Unknown),,90-Other
,,,,2023-03-23,,,19,Residence/Home,13C-Intimidation,,,21-Anti-Jewish,,1. M - 81 - W,,-,,-,,-
PSP - TROOP N - STROUDSBURG STATION,,,,2023-03-23,,,19,Residence/Home,13C-Intimidation,,,21-Anti-Jewish,,2. M - 56 - W,,-,,-,,-
,,,,2023-03-23,,,19,Residence/Home,13C-Intimidation,,,21-Anti-Jewish,,3. M - 54 - W,,-,,-,,-
,,,,2021-03-19,,,7,Parking/Drop Lot/Garage,290-Destruction/Damage/Vandalism of Property,,,33-Anti-Other Race/Ethnicity/Ancestry,,1. Business,,-,,-,,-
,,,,2023-06-20,,,12,Other/Unknown,13B-Simple Assault,,,"43-Anti-Lesbian, Gay, Bisexual, or Transgender (Mixed Group)",,1. M - 28 - W,,M-Apparent Minor Injury,,1. M - 38 - W (Victim Was Stranger),,40-Personal Weapons
,,,,2024-12-27,,,15,Residence/Home,13C-Intimidation,,,42-Anti-Lesbian (Female),,1. F - 18 - W,,-,,1. M - 18 - A (Victim Was Friend),,-
,,,,2025-03-26,,,15,Parking/Drop Lot/Garage,13C-Intimidation,,,12-Anti-Black or African American,,1. M - 58 - B,,-,,1. M - 66 - W (Victim Was Stranger),,-
,,,,2022-10-15,,,15,Residence/Home,13C-Intimidation,,,33-Anti-Other Race/Ethnicity/Ancestry,,1. F - 54 - W,,-,,1. M - 57 - W (Victim was Ex-Relationship (Ex-Boyfriend/Ex-Girlfriend)),,-
,,,,2022-10-15,,,15,Residence/Home,13C-Intimidation,,,33-Anti-Other Race/Ethnicity/Ancestry,,2. F - 20 - W,,-,,1. M - 57 - W (Victim Was Child),,-
,,,,2023-11-20,,,16,Church/Synagogue/Temple/Mosque,200-Arson,,,82-Anti-Other Christian,,1. F - 68 - B,,-,,1. M - 65 - W (Victim Was Acquaintance),,-
,,,,2023-11-20,,,16,Church/Synagogue/Temple/Mosque,200-Arson,,,82-Anti-Other Christian,,3. Religious Organization,,-,,-,,-
,,,,2023-05-14,,,21,Residence/Home,13C-Intimidation,,,21-Anti-Jewish,,1. M - 59 - W,,-,,1. M - 62 - W (Victim Was Otherwise Known),,-
,,,,2023-05-14,,,21,Residence/Home,13C-Intimidation,,,21-Anti-Jewish,,2. F - 35 - W,,-,,1. M - 62 - W (Victim Was Otherwise Known),,-
,,,,2022-10-27,,,12,Residence/Home,13C-Intimidation,,,31-Anti-Arab,,1. M - 56 - W,,-,,-,,-
,,,,2021-06-12,,,8,Residence/Home,23D-Theft From Building,,,32-Anti-Hispanic or Latino,,1. M - 23 - W,,-,,1. M - 28 - B (Victim Was Acquaintance),,-
,,,,2022-09-04,,,18,Residence/Home,13B-Simple Assault,,,16-Anti-Native Hawaiian or Other Pacific Islander,,1. M - 31 - B,,M-Apparent Minor Injury,,1. F - 30 - B (Victim Was Spouse),,40-Personal Weapons
,,,,2022-05-29,,,14,Residence/Home,13C-Intimidation,,,12-Anti-Black or African American,,1. M - 45 - B,,-,,"1. M - 21 - W (Victim Was Otherwise Known)
2. M - 50 - W (Victim Was Otherwise Known)",,-
,,,PAPSP7900,2021-09-20,,,13,School–Elementary/Secondary,13C-Intimidation,,,12-Anti-Black or African American,,1. M - 14 - B,,-,,1. M - 14 - W (Victim Was Stranger),,-
,,,PAPSP8500,2021-05-20,,,18,Residence/Home,13B-Simple Assault,,,16-Anti-Native Hawaiian or Other Pacific Islander,,1. F - 28 - W,,N-None,,1. M - 29 - W (Victim was Ex-Relationship (Ex-Boyfriend/Ex-Girlfriend)),,99-None (Mutually Exclusive)
PSP - TROOP P - SHICKSHINNY STATION,,,,2021-06-16,,,8,Service/Gas Station,13B-Simple Assault,,,32-Anti-Hispanic or Latino,,1. M - 48 - W,,M-Apparent Minor Injury,,1. M - 43 - W (Victim Was Employee),,40-Personal Weapons
PSP - TROOP P - TOWANDA STATION,,,PAPSP9300,2023-01-21,,,18,Residence/Home,220-Burglary/Breaking and Entering,,,14-Anti-Asian,,1. F - 50 - A,,-,,"1. U - 0 - U (Relationship Unknown)
2. F - 75 - A (Relationship Unknown)",,-
,,,,2023-01-21,,,18,Residence/Home,220-Burglary/Breaking and Entering,,,14-Anti-Asian,,2. M - 50 - A,,-,,"1. U - 0 - U (Relationship Unknown)
2. F - 75 - A (Relationship Unknown)",,-
PSP - TROOP P - WILKES-BARRE STATION,,,,2023-01-21,,,18,Residence/Home,220-Burglary/Breaking and Entering,,,14-Anti-Asian,,3. F - 75 - A,,-,,"1. U - 0 - U (Relationship Unknown)
2. F - 75 - A (Victim Was Offender)",,-
,,,,2023-01-21,,,18,Residence/Home,290-Destruction/Damage/Vandalism of Property,,,14-Anti-Asian,,1. F - 50 - A,,-,,"1. U - 0 - U (Relationship Unknown)
2. F - 75 - A (Relationship Unknown)",,-
,,,,2023-01-21,,,18,Residence/Home,290-Destruction/Damage/Vandalism of Property,,,14-Anti-Asian,,3. F - 75 - A,,-,,"1. U - 0 - U (Relationship Unknown)
2. F - 75 - A (Victim Was Offender)",,-
,,,,2021-12-10,,,0,Convenience Store,270-Embezzlement,,,16-Anti-Native Hawaiian or Other Pacific Islander,,1. Business,,-,,-,,-
,,,,2022-08-05,,,18,Highway/Road/Alley/Street/Sidewalk,13C-Intimidation,,,12-Anti-Black or African American,,1. F - 57 - B,,-,,"1. M - 43 - W (Relationship Unknown)
2. M - 25 - W (Relationship Unknown)
3. M - 25 - W (Relationship Unknown)",,-
,,,,2022-08-05,,,18,Highway/Road/Alley/Street/Sidewalk,290-Destruction/Damage/Vandalism of Property,,,12-Anti-Black or African American,,1. F - 57 - B,,-,,"1. M - 43 - W (Relationship Unknown)
2. M - 25 - W (Relationship Unknown)
3. M - 25 - W (Relationship Unknown)",,-
,,,PAPSP5800,2023-07-23,,,11,Camp/Campground,13C-Intimidation,,,21-Anti-Jewish,,1. M - 35 - W,,-,,-,,-
,,,,2025-09-11,,,18,Residence/Home,13B-Simple Assault,,,32-Anti-Hispanic or Latino,,1. M - 53 - W,,M-Apparent Minor Injury,,1. M - 40 - W (Victim Was Other Family Member),,40-Personal Weapons
PSP - TROOP R - BLOOMING GROVE STATION,,,,2022-11-17,,,18,Field/Woods,290-Destruction/Damage/Vandalism of Property,,,12-Anti-Black or African American,,1. M - 59 - W,,-,,-,,-
,,,,2022-11-17,,,18,Field/Woods,290-Destruction/Damage/Vandalism of Property,,,12-Anti-Black or African American,,2. Government,,-,,-,,-
,,,,2022-06-04,,,19,Residence/Home,13B-Simple Assault,,,71-Anti-Transgender,,1. F - 37 - W,,M-Apparent Minor Injury,,1. M - 42 - W (Victim Was Sibling),,40-Personal Weapons
,,,,2021-08-04,,,15,Residence/Home,290-Destruction/Damage/Vandalism of Property,,,11-Anti-White,,1. F - 60 - W,,-,,1. M - 18 - B (Victim Was Neighbor),,-
,,,,2021-08-04,,,15,Residence/Home,290-Destruction/Damage/Vandalism of Property,,,11-Anti-White,,2. M - 30 - W,,-,,1. M - 18 - B (Victim Was Neighbor),,-
,,,,2021-08-31,,,18,Residence/Home,13C-Intimidation,,,11-Anti-White,,1. F - 27 - W,,-,,-,,-
,,,,2022-04-30,,,2,Residence/Home,13C-Intimidation,,,33-Anti-Other Race/Ethnicity/Ancestry,,1. F - 48 - W,,-,,1. M - 42 - W (Victim Was Spouse),,-
,,,,2021-07-08,,,17,Highway/Road/Alley/Street/Sidewalk,13C-Intimidation,,,"43-Anti-Lesbian, Gay, Bisexual, or Transgender (Mixed Group)",,1. M - 30 - W,,-,,1. M - 43 - W (Victim Was Neighbor),,-
,,,PAPSP1900,2021-03-19,,,21,Industrial Site,13C-Intimidation,,,32-Anti-Hispanic or Latino,,1. M - 47 - W,,-,,1. M - 37 - W (Victim Was Otherwise Known),,-
,,,,2021-03-19,,,21,Industrial Site,13C-Intimidation,,,32-Anti-Hispanic or Latino,,2. M - 48 - W,,-,,1. M - 37 - W (Victim Was Otherwise Known),,-
PSP - TROOP R - DUNMORE STATION,,,,2023-09-22,,,23,Highway/Road/Alley/Street/Sidewalk,13B-Simple Assault,,,11-Anti-White,,1. M - 38 - W,,M-Apparent Minor Injury,,1. M - 19 - B (Relationship Unknown),,40-Personal Weapons
,,,,2023-09-22,,,23,Highway/Road/Alley/Street/Sidewalk,13B-Simple Assault,,,11-Anti-White,,2. M - 31 - W,,M-Apparent Minor Injury,,1. M - 19 - B (Relationship Unknown),,40-Personal Weapons
,,,PAPSP6300,2024-07-26,,,20,Highway/Road/Alley/Street/Sidewalk,290-Destruction/Damage/Vandalism of Property,,,21-Anti-Jewish,,1. Business,,-,,-,,-
,,,PAPSP4000,2021-08-19,,,0,Residence/Home,13C-Intimidation,,,41-Anti-Gay (Male),,1. M - 54 - W,,-,,1. F - 64 - W (Victim Was Sibling),,-
PSP - TROOP R - GIBSON STATION,,,,2021-08-19,,,0,Residence/Home,13C-Intimidation,,,41-Anti-Gay (Male),,2. F - 89 - W,,-,,1. F - 64 - W (Victim Was Parent),,-
PSP - TROOP R - HONESDALE STATION,,,,2021-08-19,,,0,Residence/Home,13C-Intimidation,,,41-Anti-Gay (Male),,3. F - 50 - W,,-,,1. F - 64 - W (Victim Was Other Family Member),,-
,,,,2023-10-28,,,18,Highway/Road/Alley/Street/Sidewalk,13C-Intimidation,,,32-Anti-Hispanic or Latino,,1. F - 50 - W,,-,,1. M - 43 - W (Victim Was Stranger),,-
,,,,2022-11-22,,,22,Other/Unknown,290-Destruction/Damage/Vandalism of Property,,,21-Anti-Jewish,,1. Other,,-,,-,,-
,,,,2024-09-13,,,16,Residence/Home,290-Destruction/Damage/Vandalism of Property,,,33-Anti-Other Race/Ethnicity/Ancestry,,1. M - 65 - W,,-,,1. M - 66 - W (Victim Was Stranger),,-
,,,,2025-12-07,,,4,Other/Unknown,13C-Intimidation,,,21-Anti-Jewish,,1. M - 45 - W,,-,,1. M - 39 - W (Victim Was Otherwise Known),,-
,,,,2026-05-16,,,18,Specialty Store,290-Destruction/Damage/Vandalism of Property,,,84-Anti-Hindu,,1. M - 48 - A,,-,,1. F - 58 - W (Victim Was Otherwise Known),,-
,,,PAPSP0800,2024-08-12,,,12,Highway/Road/Alley/Street/Sidewalk,290-Destruction/Damage/Vandalism of Property,,,12-Anti-Black or African American,,1. F - 38 - B,,-,,1. M - 44 - W (Relationship Unknown),,-
,,,,2024-08-12,,,12,Highway/Road/Alley/Street/Sidewalk,290-Destruction/Damage/Vandalism of Property,,,12-Anti-Black or African American,,2. Government,,-,,-,,-
PSP - TROOP T - BOWMANSVILLE STATION,,,PAPSP6800,2025-02-02,,,9,Government/Public Building,290-Destruction/Damage/Vandalism of Property,,,12-Anti-Black or African American,,1. Government,,-,,-,,-
,,,PAPSP0X00,2021-11-21,,,15,Highway/Road/Alley/Street/Sidewalk,13A-Aggravated Assault,,,11-Anti-White,,1. F - 38 - W,,"I-Possible Internal Injury
O-Other Major Injury",,1. M - 30 - B (Victim Was Stranger),,12-Handgun
PSP - TROOP T - KING OF PRUSSIA STATION,,,PA0061400,2023-03-02,,,9,Highway/Road/Alley/Street/Sidewalk,13B-Simple Assault,,,51-Anti-Physical Disability,,1. F - 12 - W,,M-Apparent Minor Injury,,"1. F - 12 - W (Victim Was Acquaintance)
2. M - 12 - W (Victim Was Acquaintance)",,40-Personal Weapons
PSP - TROOP T - NEW STANTON STATION,,,,2023-09-15,,,2,Bar/Nightclub,13B-Simple Assault,,,71-Anti-Transgender,,1. F - 23 - W,,M-Apparent Minor Injury,,-,,40-Personal Weapons
READING CITY,,,,2023-09-15,,,2,Bar/Nightclub,13B-Simple Assault,,,71-Anti-Transgender,,2. M - 25 - W,,M-Apparent Minor Injury,,-,,40-Personal Weapons
,,,,2023-10-06,,,6,Residence/Home,13C-Intimidation,,,32-Anti-Hispanic or Latino,,1. M - 42 - W,,-,,1. M - 42 - W (Victim Was Otherwise Known),,-
,,,,2023-11-07,,,17,Highway/Road/Alley/Street/Sidewalk,290-Destruction/Damage/Vandalism of Property,,,32-Anti-Hispanic or Latino,,1. M - 67 - W,,-,,1. F - 56 - W (Victim Was Neighbor),,-
,,,,2023-11-07,,,17,Highway/Road/Alley/Street/Sidewalk,290-Destruction/Damage/Vandalism of Property,,,32-Anti-Hispanic or Latino,,2. M - 35 - W,,-,,1. F - 56 - W (Victim Was Neighbor),,-
,,,,2024-04-09,,,12,Highway/Road/Alley/Street/Sidewalk,13C-Intimidation,,,51-Anti-Physical Disability,,1. F - 23 - W,,-,,1. M - 0 - W (Victim Was Stranger),,-
,,,,2024-09-21,,,9,Community Center,290-Destruction/Damage/Vandalism of Property,,,21-Anti-Jewish,,1. F - 44 - W,,-,,-,,-
,,,,2024-12-24,,,9,Highway/Road/Alley/Street/Sidewalk,13B-Simple Assault,,,41-Anti-Gay (Male),,1. M - 18 - W,,M-Apparent Minor Injury,,1. M - 31 - B (Victim Was Otherwise Known),,40-Personal Weapons
,,,,2025-11-14,,,20,Residence/Home,13C-Intimidation,,,12-Anti-Black or African American,,1. M - 47 - B,,-,,-,,-
,,,,2026-06-03,,,11,Highway/Road/Alley/Street/Sidewalk,13A-Aggravated Assault,,,32-Anti-Hispanic or Latino,,1. M - 32 - W,,M-Apparent Minor Injury,,1. M - 81 - W (Victim Was Neighbor),,"14-Shotgun
30-Blunt Object"
,,,PA0024000,2025-07-10,,,20,Residence/Home,13C-Intimidation,,,12-Anti-Black or African American,,1. M - 40 - B,,-,,1. M - 43 - W (Relationship Unknown),,-
,,,,2025-11-28,,,17,Shopping Mall,13B-Simple Assault,,,12-Anti-Black or African American,,1. F - 23 - W,,M-Apparent Minor Injury,,1. F - 36 - B (Relationship Unknown),,40-Personal Weapons
ROBINSON TOWNSHIP (ALLEGHENY COUNTY),,,PA0022200,2021-02-10,,,10,Commercial/Office Building,13C-Intimidation,,,14-Anti-Asian,,1. F - 56 - W,,-,,1. F - 37 - B (Victim Was Otherwise Known),,-
,,,,2026-05-27,,,12,Church/Synagogue/Temple/Mosque,290-Destruction/Damage/Vandalism of Property,,,25-Anti-Other Religion,,1. Business,,-,,-,,-
ROSS TOWNSHIP,,,,2026-05-27,,,12,Church/Synagogue/Temple/Mosque,290-Destruction/Damage/Vandalism of Property,,,25-Anti-Other Religion,,2. Business,,-,,-,,-
,,,PA0240300,2022-11-23,,,12,Residence/Home,23D-Theft From Building,,,85-Anti-Sikh,,1. F - 54 - W,,-,,-,,-
,,,,2023-11-25,,,0,Parking/Drop Lot/Garage,23D-Theft From Building,,,71-Anti-Transgender,,1. F - 52 - W,,-,,1. M - 43 - W (Victim Was Stranger),,-
SAINT MARYS CITY,,,,2024-03-02,,,23,Residence/Home,13C-Intimidation,,,12-Anti-Black or African American,,1. M - 32 - B,,-,,"1. M - 16 - W (Victim Was Acquaintance)
2. M - 48 - W (Victim Was Acquaintance)",,-
,,,,2024-07-07,,,13,Grocery/Supermarket,23C-Shoplifting,,,25-Anti-Other Religion,,1. Business,,-,,-,,-
,,,PA0024100,2022-11-02,,,7,Residence/Home,220-Burglary/Breaking and Entering,,,14-Anti-Asian,,1. M - 64 - A,,-,,-,,-
,,,,2022-11-02,,,7,Residence/Home,220-Burglary/Breaking and Entering,,,14-Anti-Asian,,2. F - 59 - A,,-,,-,,-
SCOTT TOWNSHIP (ALLEGHENY COUNTY),,,PA0350400,2021-06-22,,,18,Highway/Road/Alley/Street/Sidewalk,13B-Simple Assault,,,12-Anti-Black or African American,,1. M - 14 - B,,M-Apparent Minor Injury,,"1. M - 14 - A (Victim Was Stranger)
2. M - 14 - P (Victim Was Stranger)",,"40-Personal Weapons
90-Other"
,,,,2021-08-03,,,0,Residence/Home,13B-Simple Assault,,,51-Anti-Physical Disability,,1. F - 27 - B,,M-Apparent Minor Injury,,1. M - 32 - B (Victim Was Boyfriend/Girlfriend),,90-Other
SCRANTON CITY,,,,2021-08-18,,,0,Highway/Road/Alley/Street/Sidewalk,13B-Simple Assault,,,12-Anti-Black or African American,,1. M - 25 - B,,N-None,,1. M - 35 - W (Victim Was Stranger),,40-Personal Weapons
,,,,2021-08-18,,,0,Highway/Road/Alley/Street/Sidewalk,13B-Simple Assault,,,12-Anti-Black or African American,,2. M - 33 - B,,N-None,,1. M - 35 - W (Victim Was Stranger),,40-Personal Weapons
,,,,2021-09-24,,,10,Residence/Home,26A-False Pretense/Swindle/Confidence Game,,,85-Anti-Sikh,,1. M - 39 - B,,-,,-,,-
,,,,2022-03-25,,,23,Highway/Road/Alley/Street/Sidewalk,290-Destruction/Damage/Vandalism of Property,,,85-Anti-Sikh,,1. F - 36 - W,,-,,-,,-
,,,,2022-04-04,,,15,Highway/Road/Alley/Street/Sidewalk,13B-Simple Assault,,,52-Anti-Mental Disability,,1. M - 13 - W,,N-None,,"1. F - 13 - B (Victim Was Acquaintance)
2. F - 14 - B (Victim Was Acquaintance)
3. M - 12 - B (Victim Was Acquaintance)
4. F - 14 - B (Victim Was Acquaintance)
5. M - 12 - B (Victim Was Acquaintance)
6. M - 12 - B (Victim Was Acquaintance)
7. M - 12 - W (Victim Was Acquaintance)",,99-None (Mutually Exclusive)
,,,,2022-06-05,,,17,Highway/Road/Alley/Street/Sidewalk,13C-Intimidation,,,12-Anti-Black or African American,,1. M - 27 - B,,-,,1. F - 34 - W (Victim Was Neighbor),,-
,,,,2022-06-28,,,22,Highway/Road/Alley/Street/Sidewalk,120-Robbery,,,83-Anti-Buddhist,,1. M - 34 - B,,"L-Severe Laceration
B-Apparent Broken Bones",,"1. M - 50 - B (Victim Was Stranger)
2. M - 0 - B (Victim Was Stranger)
3. M - 0 - B (Victim Was Stranger)
4. M - 0 - B (Victim Was Stranger)
5. M - 0 - B (Victim Was Stranger)",,95-Unknown
,,,,2022-08-24,,,8,Parking/Drop Lot/Garage,13B-Simple Assault,,,71-Anti-Transgender,,1. M - 46 - W,,M-Apparent Minor Injury,,1. M - 26 - W (Victim Was Acquaintance),,40-Personal Weapons
,,,,2022-09-21,,,21,Highway/Road/Alley/Street/Sidewalk,290-Destruction/Damage/Vandalism of Property,,,12-Anti-Black or African American,,1. M - 46 - W,,-,,-,,-
,,,,2022-09-21,,,21,Highway/Road/Alley/Street/Sidewalk,290-Destruction/Damage/Vandalism of Property,,,12-Anti-Black or African American,,2. M - 56 - W,,-,,-,,-
,,,,2022-10-11,,,18,Bank/Savings and Loan,23H-All Other Larceny,,,52-Anti-Mental Disability,,1. F - 45 - I,,-,,-,,-
,,,,2022-11-14,,,18,Residence/Home,13B-Simple Assault,,,14-Anti-Asian,,1. F - 28 - A,,N-None,,1. M - 29 - W (Victim Was Neighbor),,40-Personal Weapons
,,,,2022-12-14,,,10,Residence/Home,13B-Simple Assault,,,51-Anti-Physical Disability,,1. F - 22 - W,,M-Apparent Minor Injury,,1. M - 32 - B (Victim was Ex-Relationship (Ex-Boyfriend/Ex-Girlfriend)),,90-Other
,,,,2023-03-06,,,7,Other/Unknown,290-Destruction/Damage/Vandalism of Property,,,22-Anti-Catholic,,1. Religious Organization,,-,,-,,-
,,,,2023-04-19,,,8,School–College/University,13C-Intimidation,,,13-Anti-American Indian or Alaska Native,,1. F - 18 - W,,-,,-,,-
,,,,2023-05-27,,,11,Cyberspace,13C-Intimidation,,,62-Anti-Female,,1. F - 14 - W,,-,,1. U - 49 - U (Relationship Unknown),,-
,,,,2023-05-27,,,11,Cyberspace,13C-Intimidation,,,62-Anti-Female,,2. F - 14 - B,,-,,1. U - 49 - U (Relationship Unknown),,-
,,,,2023-05-27,,,11,Cyberspace,13C-Intimidation,,,62-Anti-Female,,3. F - 14 - W,,-,,1. U - 49 - U (Relationship Unknown),,-
,,,,2023-08-22,,,13,Parking/Drop Lot/Garage,290-Destruction/Damage/Vandalism of Property,,,21-Anti-Jewish,,1. F - 59 - W,,-,,1. F - 65 - W (Relationship Unknown),,-
,,,,2023-09-16,,,22,Highway/Road/Alley/Street/Sidewalk,11A-Rape,,,71-Anti-Transgender,,1. M - 59 - W,,I-Possible Internal Injury,,"1. M - 35 - W (Relationship Unknown)
2. F - 35 - W (Relationship Unknown)",,99-None (Mutually Exclusive)
,,,,2023-09-16,,,22,Highway/Road/Alley/Street/Sidewalk,23H-All Other Larceny,,,71-Anti-Transgender,,1. M - 59 - W,,I-Possible Internal Injury,,"1. M - 35 - W (Relationship Unknown)
2. F - 35 - W (Relationship Unknown)",,-
,,,,2023-09-19,,,12,Church/Synagogue/Temple/Mosque,13C-Intimidation,,,22-Anti-Catholic,,1. M - 40 - W,,-,,1. U - 49 - U (Relationship Unknown),,-
,,,,2023-10-27,,,15,Residence/Home,13C-Intimidation,,,32-Anti-Hispanic or Latino,,1. F - 45 - W,,-,,1. F - 32 - W (Victim Was Neighbor),,-
,,,,2023-10-27,,,15,Residence/Home,13C-Intimidation,,,32-Anti-Hispanic or Latino,,3. F - 12 - W,,-,,1. F - 32 - W (Victim Was Neighbor),,-
,,,,2024-01-08,,,16,Residence/Home,290-Destruction/Damage/Vandalism of Property,,,21-Anti-Jewish,,1. M - 25 - W,,-,,1. U - 49 - U (Relationship Unknown),,-
,,,,2024-01-11,,,13,Residence/Home,290-Destruction/Damage/Vandalism of Property,,,12-Anti-Black or African American,,1. F - 43 - B,,-,,1. U - 49 - U (Relationship Unknown),,-
,,,,2024-06-04,,,18,Department/Discount Store,23C-Shoplifting,,,72-Anti-Gender Non-Conforming,,1. Business,,-,,-,,-
,,,,2024-06-11,,,19,Highway/Road/Alley/Street/Sidewalk,13C-Intimidation,,,21-Anti-Jewish,,1. M - 45 - W,,-,,1. M - 49 - W (Victim Was Stranger),,-
,,,,2024-10-01,,,16,Drug Store/Doctor’s Office/Hospital,13A-Aggravated Assault,,,12-Anti-Black or African American,,1. F - 32 - B,,N-None,,1. F - 50 - W (Victim Was Stranger),,90-Other
,,,,2024-09-29,,,2,Highway/Road/Alley/Street/Sidewalk,13B-Simple Assault,,,11-Anti-White,,1. F - 18 - W,,M-Apparent Minor Injury,,1. F - 19 - B (Victim Was Stranger),,40-Personal Weapons
,,,,2024-10-26,,,4,Highway/Road/Alley/Street/Sidewalk,290-Destruction/Damage/Vandalism of Property,,,24-Anti-Islamic (Muslim),,1. F - 24 - B,,M-Apparent Minor Injury,,1. M - 22 - B (Victim was Ex-Relationship (Ex-Boyfriend/Ex-Girlfriend)),,-
,,,,2024-10-27,,,15,Highway/Road/Alley/Street/Sidewalk,23H-All Other Larceny,,,11-Anti-White,,1. Business,,-,,-,,-
,,,,2024-11-06,,,10,Residence/Home,23H-All Other Larceny,,,21-Anti-Jewish,,1. F - 52 - W,,-,,"1. F - 0 - U (Victim Was Acquaintance)
2. F - 29 - W (Victim Was Otherwise Known)",,-
,,,,2024-11-07,,,16,Highway/Road/Alley/Street/Sidewalk,13B-Simple Assault,,,21-Anti-Jewish,,1. F - 29 - W,,M-Apparent Minor Injury,,"1. F - 29 - W (Victim Was Otherwise Known)
2. M - 40 - W (Victim Was Stranger)",,40-Personal Weapons
,,,,2024-11-07,,,16,Highway/Road/Alley/Street/Sidewalk,13B-Simple Assault,,,21-Anti-Jewish,,2. M - 40 - W,,M-Apparent Minor Injury,,"1. F - 29 - W (Victim Was Stranger)
2. M - 40 - W (Victim Was Otherwise Known)",,40-Personal Weapons
,,,,2025-03-07,,,9,School–Elementary/Secondary,290-Destruction/Damage/Vandalism of Property,,,"15-Anti-Multiple Races, Group",,1. Business,,-,,-,,-
,,,,2025-07-03,,,17,Parking/Drop Lot/Garage,23H-All Other Larceny,,,12-Anti-Black or African American,,1. M - 35 - W,,-,,1. U - 49 - U (Relationship Unknown),,-
,,,,2025-07-03,,,17,Parking/Drop Lot/Garage,290-Destruction/Damage/Vandalism of Property,,,12-Anti-Black or African American,,1. M - 35 - W,,-,,1. U - 49 - U (Relationship Unknown),,-
,,,,2026-07-03,,,11,Residence/Home,220-Burglary/Breaking and Entering,,,11-Anti-White,,1. M - 50 - W,,-,,1. U - 49 - U (Relationship Unknown),,-
,,,,2026-07-05,,,16,Residence/Home,220-Burglary/Breaking and Entering,,,83-Anti-Buddhist,,1. F - 32 - W,,-,,"1. F - 35 - B (Victim Was Acquaintance)
2. F - 31 - B (Victim Was Acquaintance)",,-
,,,,2026-08-23,,,10,Highway/Road/Alley/Street/Sidewalk,290-Destruction/Damage/Vandalism of Property,,,42-Anti-Lesbian (Female),,1. M - 44 - B,,-,,1. U - 49 - U (Relationship Unknown),,-
,,,PA0550100,2024-09-29,,,1,Bar/Nightclub,13A-Aggravated Assault,,,14-Anti-Asian,,1. M - 21 - A,,"B-Apparent Broken Bones
M-Apparent Minor Injury",,1. M - 19 - W (Victim Was Stranger),,99-None (Mutually Exclusive)
,,,PA0024200,2026-04-27,,,18,Cyberspace,210-Extortion/Blackmail,,,41-Anti-Gay (Male),,1. M - 35 - W,,N-None,,-,,95-Unknown
SELINSGROVE BOROUGH,,,PA0211700,2023-11-07,,,10,Highway/Road/Alley/Street/Sidewalk,290-Destruction/Damage/Vandalism of Property,,,12-Anti-Black or African American,,1. Business,,-,,-,,-
SHALER TOWNSHIP,,,PA0101100,2024-05-18,,,11,School–College/University,290-Destruction/Damage/Vandalism of Property,,,12-Anti-Black or African American,,1. Business,,-,,-,,-
SILVER SPRING TOWNSHIP,,,,2026-03-03,,,10,School–College/University,13C-Intimidation,,,71-Anti-Transgender,,1. F - 19 - W,,-,,1. M - 23 - W (Victim Was Stranger),,-
SLIPPERY ROCK UNIVERSITY,,,PA0382200,2022-02-03,,,8,Residence/Home,13C-Intimidation,,,12-Anti-Black or African American,,1. F - 16 - B,,-,,-,,-
,,,PA0391300,2024-08-18,,,8,Residence/Home,23H-All Other Larceny,,,"43-Anti-Lesbian, Gay, Bisexual, or Transgender (Mixed Group)",,1. F - 51 - W,,-,,-,,-
SOUTH LONDONDERRY TOWNSHIP,,,,2026-07-11,,,23,Residence/Home,290-Destruction/Damage/Vandalism of Property,,,33-Anti-Other Race/Ethnicity/Ancestry,,1. M - 56 - W,,-,,1. M - 76 - W (Relationship Unknown),,-
SOUTH WHITEHALL TOWNSHIP,,,PA0260400,2021-07-22,,,15,Church/Synagogue/Temple/Mosque,290-Destruction/Damage/Vandalism of Property,,,23-Anti-Protestant,,1. Religious Organization,,-,,-,,-
,,,PA0450800,2023-03-23,,,14,School–Elementary/Secondary,290-Destruction/Damage/Vandalism of Property,,,21-Anti-Jewish,,1. Business,,-,,-,,-
SOUTHWEST REGIONAL POLICE,,,PA0220800,2022-09-04,,,9,Residence/Home,13C-Intimidation,,,12-Anti-Black or African American,,1. M - 28 - B,,-,,1. M - 27 - W (Victim Was Employer),,-
STROUD AREA REGIONAL,,,,2025-01-19,,,19,School–Elementary/Secondary,13C-Intimidation,,,14-Anti-Asian,,1. M - 45 - B,,-,,1. M - 16 - A (Victim Was Otherwise Known),,-
SUSQUEHANNA TOWNSHIP (DAUPHIN COUNTY),,,PA0220900,2026-01-25,,,20,Residence/Home,13C-Intimidation,,,21-Anti-Jewish,,1. M - 56 - W,,-,,-,,-
,,,,2023-01-10,,,0,Commercial/Office Building,23H-All Other Larceny,,,11-Anti-White,,1. Business,,-,,-,,-
SWATARA TOWNSHIP,,,,2024-03-21,,,14,Drug Store/Doctor’s Office/Hospital,13C-Intimidation,,,12-Anti-Black or African American,,1. F - 35 - W,,-,,1. F - 33 - W (Victim Was Employee),,-
,,,,2024-06-26,,,22,Bar/Nightclub,13C-Intimidation,,,32-Anti-Hispanic or Latino,,3. M - 39 - W,,-,,1. M - 41 - B (Victim Was Stranger),,-
,,,,2024-09-11,,,3,Residence/Home,13C-Intimidation,,,12-Anti-Black or African American,,1. M - 51 - B,,-,,-,,-
,,,,2024-10-11,,,11,School–Elementary/Secondary,13B-Simple Assault,,,12-Anti-Black or African American,,1. M - 13 - B,,M-Apparent Minor Injury,,1. M - 16 - W (Victim Was Otherwise Known),,40-Personal Weapons
,,,PA0151200,2024-11-27,,,11,Cyberspace,13C-Intimidation,,,12-Anti-Black or African American,,1. F - 21 - B,,-,,1. M - 22 - W (Victim was Ex-Relationship (Ex-Boyfriend/Ex-Girlfriend)),,-
,,,PA0233600,2025-02-05,,,0,Residence/Home,23D-Theft From Building,,,"43-Anti-Lesbian, Gay, Bisexual, or Transgender (Mixed Group)",,1. M - 55 - W,,-,,1. U - 0 - U (Relationship Unknown),,-
TREDYFFRIN TOWNSHIP,,,PA0092300,2026-07-22,,,15,Residence/Home,13C-Intimidation,,,32-Anti-Hispanic or Latino,,1. M - 35 - W,,-,,1. M - 78 - W (Victim Was Employee),,-
UPPER CHICHESTER TOWNSHIP,,,,2025-04-26,,,0,Residence/Home,290-Destruction/Damage/Vandalism of Property,,,21-Anti-Jewish,,1. M - 74 - W,,-,,1. M - 55 - W (Relationship Unknown),,-
UPPER MAKEFIELD TOWNSHIP,,,,2025-04-26,,,0,Residence/Home,290-Destruction/Damage/Vandalism of Property,,,21-Anti-Jewish,,2. M - 59 - W,,-,,1. M - 55 - W (Relationship Unknown),,-
,,,PA0462900,2024-12-15,,,14,Shopping Mall,23C-Shoplifting,,,84-Anti-Hindu,,1. Business,,-,,-,,-
,,,PA0391100,2024-12-03,,,0,School–Elementary/Secondary,13C-Intimidation,,,14-Anti-Asian,,1. M - 12 - A,,-,,1. M - 11 - W (Victim Was Friend),,-
UPPER MERION TOWNSHIP,,,,2025-08-22,,,11,Residence/Home,26C-Impersonation,,,14-Anti-Asian,,1. M - 49 - A,,-,,-,,-
UPPER SAUCON TOWNSHIP,,,,2025-10-18,,,15,Residence/Home,13C-Intimidation,,,12-Anti-Black or African American,,1. F - 16 - B,,-,,-,,-
,,,PA0280600,2021-02-05,,,14,Residence/Home,13C-Intimidation,,,12-Anti-Black or African American,,1. F - 26 - W,,-,,1. U - 36 - U (Victim Was Stranger),,-
,,,,2021-08-02,,,21,Highway/Road/Alley/Street/Sidewalk,35A-Drug/Narcotic Violations,,,27-Anti-Atheism/Agnosticism,,1. Society/Public,,-,,-,,-
WASHINGTON TOWNSHIP (FRANKLIN COUNTY),,,,2021-08-31,,,14,Department/Discount Store,23C-Shoplifting,,,27-Anti-Atheism/Agnosticism,,1. Business,,-,,-,,-
,,,,2022-07-21,,,23,Highway/Road/Alley/Street/Sidewalk,35A-Drug/Narcotic Violations,,,27-Anti-Atheism/Agnosticism,,1. Society/Public,,-,,-,,-
,,,,2023-01-15,,,14,Residence/Home,290-Destruction/Damage/Vandalism of Property,,,27-Anti-Atheism/Agnosticism,,1. M - 52 - W,,-,,-,,-
,,,,2023-02-16,,,11,Convenience Store,23C-Shoplifting,,,27-Anti-Atheism/Agnosticism,,1. Business,,-,,-,,-
,,,,2024-07-23,,,9,Government/Public Building,26A-False Pretense/Swindle/Confidence Game,,,13-Anti-American Indian or Alaska Native,,1. Business,,-,,-,,-
,,,,2025-08-14,,,7,Department/Discount Store,26A-False Pretense/Swindle/Confidence Game,,,13-Anti-American Indian or Alaska Native,,1. Business,,-,,-,,-
,,,PA0280300,2022-05-04,,,17,Parking/Drop Lot/Garage,13C-Intimidation,,,11-Anti-White,,1. M - 59 - W,,-,,-,,-
,,,,2022-06-02,,,19,Restaurant,290-Destruction/Damage/Vandalism of Property,,,"15-Anti-Multiple Races, Group",,1. Business,,-,,-,,-
WAYNESBORO BOROUGH,,,,2022-10-22,,,1,Bar/Nightclub,13B-Simple Assault,,,"43-Anti-Lesbian, Gay, Bisexual, or Transgender (Mixed Group)",,1. M - 32 - W,,M-Apparent Minor Injury,,-,,40-Personal Weapons
,,,,2022-10-22,,,1,Bar/Nightclub,13B-Simple Assault,,,"43-Anti-Lesbian, Gay, Bisexual, or Transgender (Mixed Group)",,2. M - 35 - W,,M-Apparent Minor Injury,,-,,40-Personal Weapons
,,,PA0363400,2023-11-02,,,11,Cyberspace,26F-Identity Theft,,,28-Anti-Church of Jesus Christ,,1. F - 64 - W,,-,,-,,-
,,,,2023-11-07,,,21,Church/Synagogue/Temple/Mosque,13C-Intimidation,,,32-Anti-Hispanic or Latino,,1. M - 36 - W,,-,,1. M - 41 - W (Victim Was Stranger),,-
WEST HEMPFIELD TOWNSHIP,,,PA0024700,2026-05-14,,,14,Commercial/Office Building,13C-Intimidation,,,41-Anti-Gay (Male),,1. M - 33 - B,,-,,1. F - 49 - B (Victim Was Otherwise Known),,-
,,,PA0210500,2022-04-23,,,17,Highway/Road/Alley/Street/Sidewalk,13B-Simple Assault,,,41-Anti-Gay (Male),,1. M - 77 - W,,M-Apparent Minor Injury,,1. M - 67 - W (Victim Was Neighbor),,40-Personal Weapons
WEST MIFFLIN BOROUGH,,,PA0152700,2024-05-03,,,15,School–Elementary/Secondary,290-Destruction/Damage/Vandalism of Property,,,"12-Anti-Black or African American
21-Anti-Jewish",,1. Government,,-,,-,,-
WEST SHORE REGIONAL,,,,2024-08-04,,,18,Other/Unknown,290-Destruction/Damage/Vandalism of Property,,,21-Anti-Jewish,,1. F - 36 - B,,-,,-,,-
WESTTOWN-EAST GOSHEN REGIONAL,,,PA0390800,2024-11-05,,,19,Residence/Home,13B-Simple Assault,,,12-Anti-Black or African American,,1. F - 61 - B,,N-None,,1. F - 89 - W (Victim Was Otherwise Known),,40-Personal Weapons
,,,,2025-06-19,,,0,Highway/Road/Alley/Street/Sidewalk,13C-Intimidation,,,31-Anti-Arab,,1. M - 38 - W,,-,,1. M - 53 - W (Victim Was Neighbor),,-
WHITEHALL TOWNSHIP,,,,2025-06-19,,,0,Residence/Home,290-Destruction/Damage/Vandalism of Property,,,31-Anti-Arab,,2. F - 31 - W,,-,,1. M - 53 - W (Victim Was Stranger),,-
,,,,2025-12-15,,,15,Residence/Home,13B-Simple Assault,,,12-Anti-Black or African American,,1. M - 62 - B,,N-None,,1. U - 0 - W (Relationship Unknown),,40-Personal Weapons
,,,PA0022700,2026-07-23,,,3,Highway/Road/Alley/Street/Sidewalk,280-Stolen Property Offenses,,,11-Anti-White,,1. F - 48 - B,,-,,1. M - 48 - B (Relationship Unknown),,-
,,,PA0410500,2024-12-16,,,9,Residence/Home,13C-Intimidation,,,51-Anti-Physical Disability,,1. F - 60 - W,,-,,1. M - 48 - W (Victim Was Parent),,-
WILKINSBURG BOROUGH,,,,2025-04-23,,,9,Residence/Home,290-Destruction/Damage/Vandalism of Property,,,13-Anti-American Indian or Alaska Native,,1. M - 63 - B,,-,,-,,-
WILLIAMSPORT CITY,,,,2025-06-16,,,20,Residence/Home,13C-Intimidation,,,12-Anti-Black or African American,,1. F - 28 - W,,-,,1. M - 29 - W (Victim Was Neighbor),,-
,,,,2025-07-11,,,23,Residence/Home,290-Destruction/Damage/Vandalism of Property,,,33-Anti-Other Race/Ethnicity/Ancestry,,1. F - 77 - W,,-,,-,,-
,,,,2025-09-01,,,0,Residence/Home,290-Destruction/Damage/Vandalism of Property,,,41-Anti-Gay (Male),,1. M - 46 - W,,-,,-,,-
